id,name,hash
GEEN_000_00,Attack Power I,95858B63
GEEN_000_01,Attack Power II,3D9B8E6F
GEEN_000_02,Attack Power III,A5B20C3C
GEEN_000_03,Attack Power IV,102FF7AA
GEEN_000_04,Attack Power V,BE3C851C
GEEN_000_10,Attack Power I+,EF08F02C
GEEN_000_11,Attack Power II+,6C788459
GEEN_000_12,Attack Power III+,F1839306
GEEN_000_13,Attack Power IV+,922804EF
GEEN_000_14,Attack Power V+,08DA7279
GEEN_001_00,Health I,A6EE588A
GEEN_001_01,Health II,C37D080A
GEEN_001_02,Health III,58FFAEAA
GEEN_001_03,Health IV,921BB96E
GEEN_001_04,Health V,5E7EEEC4
GEEN_003_00,Critical Hit Rate I,82CEA35A
GEEN_003_01,Critical Hit Rate II,430FB951
GEEN_003_02,Critical Hit Rate III,D32C0CAF
GEEN_003_03,Critical Hit Rate IV,F1D9E8DD
GEEN_003_04,Critical Hit Rate V,A7856A22
GEEN_013_00,Critical Damage I,B570D9CA
GEEN_013_01,Critical Damage II,E9917AC1
GEEN_013_02,Critical Damage III,B6552BA8
GEEN_013_03,Critical Damage IV,04D028E3
GEEN_013_04,Critical Damage V,E347B563
GEEN_014_00,Exploiter I,793CFAC5
GEEN_014_01,Exploiter II,A8DC84BD
GEEN_014_02,Exploiter III,062ECB15
GEEN_014_03,Exploiter IV,6056E1C7
GEEN_014_04,Exploiter V,F7707CAC
GEEN_017_00,Combo Finisher I,F7B836F6
GEEN_017_01,Combo Finisher II,FA3DB1E3
GEEN_017_02,Combo Finisher III,D959A6D2
GEEN_017_03,Combo Finisher IV,E0B702C6
GEEN_017_04,Combo Finisher V,C7D94DC9
GEEN_018_00,Concentrated Fire I,628DD0DF
GEEN_018_01,Concentrated Fire II,CBABDB59
GEEN_018_02,Concentrated Fire III,B2C6F95A
GEEN_018_03,Concentrated Fire IV,8F1B4DC4
GEEN_018_04,Concentrated Fire V,3B48E4E7
GEEN_020_00,Damage Cap I,C6B1BBE6
GEEN_020_01,Damage Cap II,4E988D4F
GEEN_020_02,Damage Cap III,B60D6796
GEEN_020_03,Damage Cap IV,D393DA22
GEEN_020_04,Damage Cap V,EE732781
GEEN_024_00,Combo Booster I,905C6D7F
GEEN_024_01,Combo Booster II,91CC46C0
GEEN_024_02,Combo Booster III,D657DB39
GEEN_024_03,Combo Booster IV,17CE9A47
GEEN_024_04,Combo Booster V,7AA335B6
ITEM_01_0000,Cobblestone,DB1D4F35
ITEM_01_0001,Whorlshroom,D5E89BC8
ITEM_01_0002,Tempestone,DEED762B
ITEM_01_0003,Valley Bloom,B451E459
ITEM_01_0010,Charred Lumber,EB0CCD8D
ITEM_01_0011,Damaged Tail Fin,1C67E865
ITEM_01_0012,Machine Unit,F430B195
ITEM_01_0013,High-Grade Scrap,C3D96C52
ITEM_01_0020,Ice Spire,E0937C5B
ITEM_01_0021,Snow Pillow,2D510205
ITEM_01_0022,Frosted Flower,1CF9A666
ITEM_01_0023,Eternal Snowflake,DD3F9978
ITEM_01_0030,Desert Ash,206C6EC1
ITEM_01_0031,Red-Hot Cactus,926D4AE9
ITEM_01_0032,Fornax Stone,EB0A1DC8
ITEM_01_0033,Electromagnetic Sand,050C5228
ITEM_01_0040,Magma Worm,514D7AA0
ITEM_01_0041,Salamander Egg,759850CA
ITEM_01_0042,Vermillion Powder,26FA7DA3
ITEM_01_0043,Phondam Sulfur,C263CCDC
ITEM_01_0050,Busted Manikin,726575FF
ITEM_01_0051,Aviaeth Prayer Book,C2E4D287
ITEM_01_0052,Patalena Glass,79C247F6
ITEM_01_0053,Bloomsword Hilt,09C7A73E
ITEM_01_0060,Welkin Reflection,7992B6F0
ITEM_01_0061,Dark Liquid,3031E3E4
ITEM_01_0062,Disast Ore,FEEAFCCF
ITEM_01_0063,Astral Matter,6E49A111
ITEM_02_0000,Wind Shard,9519F56A
ITEM_02_0001,Wind Orb,141EF3A7
ITEM_02_0002,Cyclone Orb,5CEADFBC
ITEM_02_0010,Water Shard,9352DED3
ITEM_02_0011,Water Orb,8B75E58A
ITEM_02_0012,Frost Orb,1AA4382D
ITEM_02_0020,Earth Shard,8E1CB52D
ITEM_02_0021,Earth Orb,9C694865
ITEM_02_0022,Rumbling Orb,28592CB2
ITEM_02_0030,Fire Shard,B78AC87F
ITEM_02_0031,Fire Orb,92781B4B
ITEM_02_0032,Inferno Orb,38D2ECD0
ITEM_02_0040,Dark Shard,ABA63A29
ITEM_02_0041,Dark Orb,208FA9E4
ITEM_02_0042,Abysm Orb,F6EE4068
ITEM_02_0050,Light Shard,FA737B89
ITEM_02_0051,Light Orb,6BDF6669
ITEM_02_0052,Shining Orb,15C3F606
ITEM_03_0000,Furycane Anima,D15091D9
ITEM_03_0001,Furycane Omega Anima,4F1E4C13
ITEM_03_0002,Vitality Hoof,729D7FB0
ITEM_04_0000,Managarmr Anima,815B2EE4
ITEM_04_0001,Managarmr Omega Anima,1A114B03
ITEM_04_0002,Sequestered Mane,173851D4
ITEM_05_0000,Excavallion Anima,BC413B80
ITEM_05_0001,Excavallion Omega Anima,13FCF405
ITEM_05_0002,Fortified Hearth,BA799E24
ITEM_06_0000,Vulkan Bolla Anima,451F7D7A
ITEM_06_0001,Vulkan Bolla Omega Anima,E5481168
ITEM_06_0002,Dreaded Tail,4C4CAA77
ITEM_07_0000,Angra Mainyu Anima,434C567F
ITEM_07_0001,Angra Mainyu Omega Anima,ED3B872D
ITEM_07_0002,Calamitous Hand,5E2D3D63
ITEM_08_0000,Damascus Ingot,43915122
ITEM_09_0000,Protector's Pride,C05CA6A1
ITEM_09_0001,Id Anamnesis,6B4E2182
ITEM_09_0002,Destrudo,E35076B2
ITEM_09_0010,Alpha Wolf's Valor,C783F39D
ITEM_09_0011,Gallanza Anamnesis,99307633
ITEM_09_0012,Silver Wolf Clovis,0F6B4A1F
ITEM_09_0020,Bladecaller's Gambit,DF18535C
ITEM_09_0021,Maglielle Anamnesis,B4693222
ITEM_09_0022,Cutthroat Fang,65C8078D
ITEM_10_0000,Fortitude Shard,687733C4
ITEM_10_0001,Fortitude Crystal (S),644536DF
ITEM_10_0002,Fortitude Crystal (M),7948DE7D
ITEM_10_0003,Fortitude Crystal (L),24DF54EE
ITEM_11_0000,Copper Spellbook,E379E863
ITEM_11_0001,Silver Spellbook,648CDA74
ITEM_11_0002,Gold Spellbook,AD856C0C
ITEM_12_0000,Ambrosia,9B442642
ITEM_13_0000,Green Potion,3916849C
ITEM_13_0001,Mega Potion,94132AE1
ITEM_13_0002,Blue Potion,A84CA7E9
ITEM_13_0003,Revival Potion,E6E075E8
ITEM_14_0000,Azurite's Splendor,B2045655
ITEM_14_0003,Silver Centrum,90DF952A
ITEM_14_0010,Prism Chip,8816ADC5
ITEM_14_0011,Flawed Prism,4325AB79
ITEM_14_0012,Flawless Prism,7CFA41FC
ITEM_14_0013,Rainbow Prism,23F2E797
ITEM_14_0020,Champion Merit,9738C87A
ITEM_14_0021,Supreme Merit,6F1FABE6
ITEM_14_0022,Legendary Merit,2E94D39A
ITEM_14_0030,Copper Dalia Badge,5D7078CD
ITEM_14_0031,Silver Dalia Badge,81BF605C
ITEM_14_0032,Gold Dalia Badge,5C07839A
ITEM_14_0050,Revenant Medallion,60CB5EA6
ITEM_14_0051,Supreme Weapon Essence,659230F4
ITEM_15_0000,Rafale Coin,DE302978
ITEM_15_0001,Standard Refinium,541D3800
ITEM_15_0002,Quality Refinium,99D6247E
ITEM_15_0003,Exceptional Refinium,24725515
ITEM_16_0000,Heliotrope Urn,0F479FA7
ITEM_31_0050,Frostbeast Claw,D6CC00D6
ITEM_31_0051,Frostbeast Plate,9282ABBE
ITEM_31_0052,Frostbeast Horn,D943BEE6
ITEM_31_0060,Flamebeast Claw,354D4683
ITEM_31_0061,Flamebeast Plate,F82726D9
ITEM_31_0062,Flamebeast Horn,4C9BE4DE
ITEM_31_0070,Mythril Wheel,D465046A
ITEM_31_0071,Condemnation Saw,B763E7AC
ITEM_31_0072,Ether Battery,7EB26854
ITEM_31_0073,Extension Bracer,D7DB4607
ITEM_31_0074,Swivel Cannon,C5406BBA
ITEM_31_0075,Judgment Prongs,23C59C51
ITEM_31_0080,Golem Finger,D5AF421A
ITEM_31_0081,Golem Rockjaw,99F44080
ITEM_31_0082,Crowning Parapet,77DF2F30
ITEM_31_0090,Chieftain's Braid,000EB8F5
ITEM_31_0091,Greatshield Fragment,9E0FFA73
ITEM_31_0092,Broken Savage Sword,3048DAA9
ITEM_32_0030,Tayu'itar Head Unit,67E3F274
ITEM_32_0031,Ukhar Core,1DA0A639
ITEM_32_0040,Death Nail,C037D7F0
ITEM_32_0041,Wing of Portent,3C3B449F
ITEM_32_0042,Crown of Lament,0F34EABC
ITEM_32_0043,Rancorous Lance,3AE09B39
ITEM_32_0050,Ancient Hollowpoint,5A5FA153
ITEM_32_0051,Crimson Horn,6D876FAB
ITEM_32_0052,Frozen Horn,9BA6E51D
ITEM_32_0053,Terra Horn,82C111C8
ITEM_32_0054,Typhoon Horn,745FD287
ITEM_32_0055,Bright Horn,786407F5
ITEM_32_0056,Abyssal Horn,09F9339E
ITEM_32_0060,Calamity Corkscrew,E68DA071
ITEM_32_0070,Horn of Bahamut,2D007309
ITEM_32_0080,Lunary Detector,D1D832C0
ITEM_32_0081,Lunary Cell,C1DCB7AE
ITEM_33_0001,Internal Material Slot 33-0001,7B3F6DD9
ITEM_33_0002,Internal Material Slot 33-0002,7388FE67
ITEM_33_0003,Vallion Commemorative Coin,82619167
ITEM_33_0004,Internal Material Slot 33-0004,3CA218DD
ITEM_34_1000,Glitterstone (S),A7C72F41
ITEM_34_2000,Glitterstone (L),30E31AFE
ITEM_34_3000,Glittercrystal,147EF70A
ITEM_34_4000,Glittercrystal Cluster,F692F716
ITEM_35_0000,Rupie,8E5A0C09
ITEM_35_1000,Mastery Point,0657F403
ITEM_36_0000,Gold Badge Ticket,F8F91F7E
ITEM_50_0000,Windcrest,CB39E0FC
ITEM_50_0001,Beast Warding Stick,29BBA035
ITEM_50_0002,Well-Used Gardening Tools,E600BE75
ITEM_50_0003,Evergreen Crystal,7F695B76
ITEM_50_0004,Azure Gemstone,E8C461CA
ITEM_50_0005,Tears of Repentance,F384E322
ITEM_50_0006,Twilight Sphere,CD6AF550
ITEM_50_0007,Kaleidosphere,EAC2D7AB
ITEM_50_0008,Iridescent Effigy Shell,131A4636
ITEM_50_0009,Midnight Sun's Amber,9FC6585E
ITEM_50_0010,Desert Oil,CE0B379E
ITEM_60_0000,Wee Pincer,EE2559C6
ITEM_70_0001,Life Link,CB0781EF
ITEM_70_0002,Lyria's Journal,F147229B
ITEM_70_0003,Sky Map Piece,778897F4
ITEM_70_0004,Rolan's Transceiver,FA674FBD
ITEM_70_0005,Rebelwear,5942C5FB
ITEM_70_0006,"Elpis, the Mind Sealer",71BC9232
ITEM_70_0007,Golden Crab Statue,FF1A207A
ITEM_70_0008,Dehg's Catalyst Stone,E578BB85
ITEM_70_0009,Avia Research Logs,771D9272
ITEM_70_0010,Rolan's Notes,F58676D3
ITEM_70_0011,Evergreen Crystal Fragment,981C29BD
ITEM_70_0012,Veil Armet,D27ACE64
ITEM_70_0013,Color Pack 1,EEDFA4E4
ITEM_70_0014,Color Pack 2,C48004DD
ITEM_70_0015,Color Pack 3,79E48056
ITEM_70_0016,Color Pack 4,32DC23F3
ITEM_70_0017,Color Pack 5,5AF14960
ITEM_80_0000,Silver Key,78FE6E2C
ITEM_80_0001,Gold Key,8682C2AC
ITEM_80_0002,Whitewing Key,86B12ABC
SKILL_000_00,ATK,50079A1C
SKILL_001_00,HP,F372F096
SKILL_003_00,Critical Hit Rate,8D78A19B
SKILL_004_00,Stun Power,CEB700EE
SKILL_005_00,Enmity,3F488339
SKILL_006_00,Stamina,2FC8FBFF
SKILL_013_00,Critical Hit DMG,C0979A17
SKILL_014_00,Weak Point DMG,6B694D6D
SKILL_018_00,Concentrated Fire,B360801D
SKILL_020_00,DMG Cap,DC584F60
SKILL_024_00,Combo Booster,F17850B9
SKILL_027_00,Tyranny,71F11A9B
SKILL_060_00,Improved Guard,0AA20846
SKILL_063_00,Improved Dodge,8B3BF60C
SKILL_066_00,Regen,6085DA25
SKILL_069_00,Quick Cooldown,318D12E9
SKILL_070_00,Cascade,05F2ECDC
SKILL_072_00,Uplift,B5FF9FD3
SKILL_073_00,Potion Hoarder,24883AF3
SKILL_080_00,Rupie Tycoon,C86F3082
SKILL_085_00,Aegis,E0ABFDFE
SKILL_094_00,Steady Focus,0053599E
SKILL_100_00,Supplements,3F2C482E
SKILL_111_00,Quick Charge,84078CB0
SKILL_113_00,Sigil Booster,57E8A93F
SKILL_140_00,Crabby Resonance,082033CB
SKILL_143_00,Catastrophe,40223C28
SKILL_146_00,War Elemental,4C588C27
SKILL_151_00,Supplementary DMG,57AB5B10
SKILL_157_00,Roll of the Die,333E5862
SKILL_158_00,Glass Cannon,A8A3163B
SKILL_159_00,Flight over Fight,EC1C6779
SKILL_160_00,Alpha,DBE1D775
SKILL_161_00,Beta,8D2ADB6E
SKILL_162_00,Gamma,5C862E13
WEP_NP0300_01,nan,7460CD22
WEP_NP0300_02,nan,19666586
WEP_PL0000_01,Traveller's Sword,F0B50DAE
WEP_PL0000_02,Durandal,11E6966A
WEP_PL0000_03,Sword of Eos,D7CEE3B8
WEP_PL0000_03,"Sword of Eos, the Star Key",D7CEE3B8
WEP_PL0000_04,Albacore Blade,57E95993
WEP_PL0000_05,Ultima Sword,CF9C4808
WEP_PL0000_06,Seven-Star Sword,E6518D5A
WEP_PL0000_06,"Seven-Star Sword, Celestial",E6518D5A
WEP_PL0000_07,nan,10C8FD1B
WEP_PL0000_10,False Sword of the Apocalypse,B9D3BDB9
WEP_PL0000_99,nan,C8736136
WEP_PL0100_01,Partenza,D4CED80E
WEP_PL0100_02,Durandal,5CECD788
WEP_PL0100_03,Sword of Eos,0E0287DC
WEP_PL0100_03,"Sword of Eos, the Star Key",0E0287DC
WEP_PL0100_04,Albacore Blade,4E2093BA
WEP_PL0100_05,Ultima Sword,32EE4D8A
WEP_PL0100_06,Seven-Star Sword,C9FCCCC6
WEP_PL0100_06,"Seven-Star Sword, Celestial",C9FCCCC6
WEP_PL0100_07,nan,3DEBD576
WEP_PL0100_10,False Sword of the Apocalypse,C8263FE1
WEP_PL0100_99,nan,76288D01
WEP_PL0200_01,Rukalsa,3B2082B6
WEP_PL0200_02,Flame Rapier,3D596697
WEP_PL0200_03,Murgleis,8B8FCB4E
WEP_PL0200_03,"Murgleis, the Azure Oath",8B8FCB4E
WEP_PL0200_04,Luminiera Sword Omega,2D9BE4CC
WEP_PL0200_05,Ephemeron,E1B27A1C
WEP_PL0200_06,Blutgang,E04031CF
WEP_PL0200_06,"Blutgang, Blade of Refuge",E04031CF
WEP_PL0200_07,nan,605A93FA
WEP_PL0300_01,Flintspike,BA30BD26
WEP_PL0300_02,Wheellock Axe,44B508FA
WEP_PL0300_03,Benedia,4E1AB7BB
WEP_PL0300_03,"Benedia, Azure Ammunition",4E1AB7BB
WEP_PL0300_04,Tiamat Bolt Omega,E7C972E6
WEP_PL0300_05,Stormcloud,6DE3C01C
WEP_PL0300_06,Freikugel,F1845E70
WEP_PL0300_06,"Freikugel, the Purifier",F1845E70
WEP_PL0300_07,nan,0F77CC28
WEP_PL0400_01,Little Witch Scepter,C54B8FE6
WEP_PL0400_02,Zhezl,C88BE9EE
WEP_PL0400_03,Gambanteinn,22E79816
WEP_PL0400_03,"Gambanteinn, Staff of Hope",22E79816
WEP_PL0400_04,Colossus Cane Omega,BE1BA9E3
WEP_PL0400_05,Tupsimati,F0748132
WEP_PL0400_06,Caduceus,FEBAC81A
WEP_PL0400_06,"Caduceus, Immortal Coil",FEBAC81A
WEP_PL0400_07,nan,449B4218
WEP_PL0500_01,Dreyse,BFDD3AE2
WEP_PL0500_02,Matchlock,55A28F62
WEP_PL0500_03,AK-4A,9249B9CA
WEP_PL0500_03,"AK-4A, the Suppressor",9249B9CA
WEP_PL0500_04,Leviathan Muzzle,EE6CD89E
WEP_PL0500_05,Clarion,FD9E2000
WEP_PL0500_06,Draconic Fire,3F39B5EB
WEP_PL0500_06,"Draconic Fire, Charring Breath",3F39B5EB
WEP_PL0500_07,nan,A378137B
WEP_PL0600_01,Egoism,071C082E
WEP_PL0600_02,Sword Breaker,1BCD26BC
WEP_PL0600_03,Love Eternal,E92002CA
WEP_PL0600_03,"Love Eternal, Forevermore",E92002CA
WEP_PL0600_04,Rose Crystal Knife,6C382CFB
WEP_PL0600_05,Cortana,F733DDD2
WEP_PL0600_06,Dagger of Bahamut Coda,07BB324C
WEP_PL0600_06,Primal Dagger of Bahamut Coda,07BB324C
WEP_PL0600_07,nan,6F71AF66
WEP_PL0700_01,Geisterpeitsche,B29038DB
WEP_PL0700_02,Leather Belt,73263FE6
WEP_PL0700_03,Ethereal Lasher,0FAE326F
WEP_PL0700_03,"Ethereal Lasher, Fleeting End",0FAE326F
WEP_PL0700_04,Flame Lit Curl,6BB5E5FD
WEP_PL0700_05,Live Wire,3E331E1E
WEP_PL0700_06,Erinnerung,2A924378
WEP_PL0700_06,"Erinnerung, From Beyond",2A924378
WEP_PL0700_07,nan,F8AF9BD6
WEP_PL0800_01,Altachiara,3EC1D082
WEP_PL0800_02,Hoarfrost Blade Persius,0EC52EA3
WEP_PL0800_03,Blanc Comme Neige,209AA176
WEP_PL0800_04,Vegalta,1B09A462
WEP_PL0800_05,Knight of Ice,72AAE787
WEP_PL0800_05,"Knight of Ice, the Silver Blur",72AAE787
WEP_PL0800_06,Damascus Knife,7027741C
WEP_PL0800_06,"Damascus Knife, the Unseen",7027741C
WEP_PL0800_07,nan,830F69A9
WEP_PL0900_01,Alabarda,283CC36B
WEP_PL0900_02,Swan,68AAF1A0
WEP_PL0900_03,Treuer Krieger,776CA5A8
WEP_PL0900_03,"Treuer Krieger, the Dauntless",776CA5A8
WEP_PL0900_04,Ukonvasara,3869E1C6
WEP_PL0900_05,Blossom Axe,515B69C7
WEP_PL0900_06,Mjolnir,C84002E0
WEP_PL0900_06,"Mjolnir, Thunderous Crusher",C84002E0
WEP_PL0900_07,nan,587F41A0
WEP_PL1000_01,Flamberge,159CA5B6
WEP_PL1000_02,Lohengrin,3679A543
WEP_PL1000_03,Antwerp,9712FDF2
WEP_PL1000_04,Joyeuse,980058ED
WEP_PL1000_05,Lord of Flames,98F8CA3E
WEP_PL1000_05,"Lord of Flames, Exalted Reign",98F8CA3E
WEP_PL1000_06,Gottfried,84BF5DE8
WEP_PL1000_06,"Gottfried, the White Fang",84BF5DE8
WEP_PL1000_07,nan,2C679715
WEP_PL1100_01,Integrity,BEFFB034
WEP_PL1100_02,Broadsword of Earth,5E36B1DD
WEP_PL1100_03,Ascalon,4C3A7F95
WEP_PL1100_03,"Ascalon, Dragon's Bane",4C3A7F95
WEP_PL1100_04,Hrunting,C1F29178
WEP_PL1100_05,Windhose,49D10F32
WEP_PL1100_06,Balmung,E82DF9EC
WEP_PL1100_06,"Balmung, the Blue Blaze",E82DF9EC
WEP_PL1100_07,nan,B404AB18
WEP_PL1200_01,Claíomh Solais,253333C3
WEP_PL1200_02,Arondight,DDC86786
WEP_PL1200_03,Claidheamh Soluis,761A3597
WEP_PL1200_03,"Claidheamh Soluis, the Radiant",761A3597
WEP_PL1200_04,Ushumgal,33D3457F
WEP_PL1200_05,Sahrivar,F71832EF
WEP_PL1200_06,Galatine,687ECE62
WEP_PL1200_06,"Galatine, Trinity's Wrath",687ECE62
WEP_PL1200_07,nan,92160154
WEP_PL1300_01,Kiku-Ichimonji,BC7F89FB
WEP_PL1300_02,Asura,8BC0176A
WEP_PL1300_03,Fudo-Kuniyuki,B5C31AB2
WEP_PL1300_03,"Fudo-Kuniyuki, Scarlet Glory",B5C31AB2
WEP_PL1300_04,Higurashi,64368C4A
WEP_PL1300_05,Xeno Phantom Demon Blade,8B4A2615
WEP_PL1300_06,Swordfish,A1F477D6
WEP_PL1300_06,"Swordfish, Tipper of Scales",A1F477D6
WEP_PL1300_07,nan,9D5CB1C7
WEP_PL1400_01,Nakamaki Nodachi,DB043DD7
WEP_PL1400_02,Kotetsu,DCC43052
WEP_PL1400_03,Venustas,099C8066
WEP_PL1400_03,"Venustas, the Sacred Gift",099C8066
WEP_PL1400_04,Fluorithium Blade,11D39CE1
WEP_PL1400_05,Blade of Purification,4CE111FE
WEP_PL1400_06,Ameno Habakiri,FFF2F00F
WEP_PL1400_06,"Ameno Habakiri, the Beheader",FFF2F00F
WEP_PL1400_07,nan,45164C6B
WEP_PL1500_01,Brahma Gauntlet,18B2FC0E
WEP_PL1500_02,Rope Knuckles,630D33D5
WEP_PL1500_03,Crimson Finger,B70179F1
WEP_PL1500_04,Golden Fists of Ura,F4C1DE98
WEP_PL1500_04,"Golden Fists of Ura, No Mercy",F4C1DE98
WEP_PL1500_05,Arkab,AD5E2984
WEP_PL1500_06,Sky Piercer,AB6678D2
WEP_PL1500_06,"Sky Piercer, the Apex Fist",AB6678D2
WEP_PL1500_07,nan,030B66C9
WEP_PL1600_01,Spear of Arvess,CB5A08CD
WEP_PL1600_02,Sunspot Spear,0A9B7790
WEP_PL1600_03,Brionac,02352554
WEP_PL1600_03,"Brionac, the Dominant",02352554
WEP_PL1600_04,Gisla,DA6EF17E
WEP_PL1600_05,Huanglong Spear,ABE40E34
WEP_PL1600_06,Gae Bulg,304E4448
WEP_PL1600_06,"Gae Bulg, Impaler of Ruin",304E4448
WEP_PL1600_07,nan,85457218
WEP_PL1700_01,Great Scythe Grynoth,B03EA930
WEP_PL1700_02,Alsarav,D055A41E
WEP_PL1700_03,Wurtzite Scythe,BDDCD5E3
WEP_PL1700_03,"Wurtzite Scythe, Reaper's Hand",BDDCD5E3
WEP_PL1700_04,Soul Eater,DFE5C297
WEP_PL1700_05,Cosmic Scythe,17DAC878
WEP_PL1700_06,Ereshkigal,411C89ED
WEP_PL1700_06,"Ereshkigal, Impending Doom",411C89ED
WEP_PL1700_07,nan,B3EF5E8E
WEP_PL1800_01,Magnum Opus,56B2BA37
WEP_PL1800_02,Dream Atlas,F0951249
WEP_PL1800_03,Transmigration Tome,06F51A26
WEP_PL1800_03,"Transmigration Tome, Infinity",06F51A26
WEP_PL1800_04,Sacred Codex,C4112EE6
WEP_PL1800_05,Arshivelle,480FA83F
WEP_PL1800_06,Zosimos,7BFF8253
WEP_PL1800_06,"Zosimos, the Unabridged Truth",7BFF8253
WEP_PL1800_07,nan,BC7A41D3
WEP_PL1900_01,Ragnarok,7463358A
WEP_PL1900_02,Aviaeth Faussart,0940D965
WEP_PL1900_03,Susanoo,95ACAD77
WEP_PL1900_03,"Susanoo, the Condemner",95ACAD77
WEP_PL1900_04,Premium Sword,495424B5
WEP_PL1900_05,Ecke Sachs,82A244A3
WEP_PL1900_06,Primal Sword of Bahamut,1DE38944
WEP_PL1900_06,Sword of Bahamut,1DE38944
WEP_PL1900_07,nan,55917DC7
WEP_PL2100_01,Apprentice,F7D69475
WEP_PL2100_02,nan,0C96B4C3
WEP_PL2100_03,World Ender,2C4CAADD
WEP_PL2100_03,"World Ender, the Fated Edge",2C4CAADD
WEP_PL2100_07,nan,AD915067
WEP_PL2200_01,Sette di Spade,DB8ED674
WEP_PL2200_02,nan,1C5BCCFC
WEP_PL2200_03,Gateway-Star Sword,73D34F1B
WEP_PL2200_03,"Gateway-Star Sword, Seven Winks",73D34F1B
WEP_PL2200_07,nan,FA5F32D5
WEP_PL2300_01,Bow of Dismissal,6C8F9232
WEP_PL2300_02,nan,2F725783
WEP_PL2300_03,Desolation-Crown Bow,DA807CA2
WEP_PL2300_03,"Desolation-Crown Bow, Two Feuds",DA807CA2
WEP_PL2300_07,nan,4CBA06D8
WEP_PL2400_01,Extra Playable Weapon 01 (PL2400),121CD3FD
GEEN_004_04,Stun Power V,E16E4DD4
GEEN_005_04,Enmity V,F687B1BB
GEEN_006_00,Stamina I,FBF16984
GEEN_006_01,Stamina II,17974BBA
GEEN_006_02,Stamina III,751228A2
GEEN_006_03,Stamina IV,BD2CF495
GEEN_006_04,Stamina V,68B1E888
GEEN_008_04,Charged Attack V,FB8C743F
GEEN_009_04,Linked Together V,19F0455D
GEEN_012_04,Throw V,C452AB03
GEEN_027_00,Tyranny I,79F4FD3E
GEEN_027_01,Tyranny II,909A3AEB
GEEN_027_02,Tyranny III,A4204593
GEEN_027_03,Tyranny IV,DFC20239
GEEN_027_04,Tyranny V,72735A07
GEEN_063_04,Improved Dodge,208AF595
GEEN_065_04,Improved Healing V,E27B1C51
GEEN_066_04,Regen V,C98DC248
GEEN_067_04,Drain V,D39F1C79
GEEN_068_04,Autorevive V,5EB282C6
GEEN_069_00,Quick Cooldown I,70336D00
GEEN_069_01,Quick Cooldown II,735769A7
GEEN_069_02,Quick Cooldown III,4F500FBF
GEEN_069_03,Quick Cooldown IV,B2D492A3
GEEN_069_04,Quick Cooldown V,2CDC1FE0
GEEN_070_04,Cascade V,B7F89AC3
GEEN_072_04,Uplift V,883380D4
GEEN_073_00,Potion Hoarder I,687B928E
GEEN_073_01,Potion Hoarder II,D982AE55
GEEN_073_02,Potion Hoarder III,C7D124DD
GEEN_073_03,Potion Hoarder IV,9673ABB9
GEEN_073_04,Potion Hoarder V,7DEA157B
GEEN_077_04,Low Profile V,50B05700
GEEN_080_04,Rupie Tycoon V,B8A811ED
GEEN_083_04,Skilled Assault V,0E83606D
GEEN_085_04,Aegis V,E71B1FE4
GEEN_094_04,Steady Focus V,ECD324C7
GEEN_096_04,Steel Nerves V,2D2C99E9
GEEN_100_04,Supplements V,80CA66ED
GEEN_103_04,Natural Defenses,F2C84D4F
GEEN_104_04,Nimble Defense V,1A225843
GEEN_106_04,Nimble Onslaught V,040549B7
GEEN_107_04,Precise Resilience V,E4FC5AF6
GEEN_109_04,Precise Wrath V,46ABA3C0
GEEN_110_04,Life on the Line V,3559988C
GEEN_111_04,Quick Charge V,0952F945
GEEN_112_04,Window of Opportunity V,8F562E0E
GEEN_113_04,Sigil Booster V,73F80160
ITEM_23_0001,Crewmate Card: Seofon,8572B2CE
ITEM_23_0002,Crewmate Card: Tweyen,FE52F7CB
ITEM_23_0003,Crewmate Card: Sandalphon,5B5B8603
ITEM_24_0000,Internal Item Slot 24-0000,D8C6A93D
ITEM_24_0001,Internal Item Slot 24-0001,7BEDEAAF
ITEM_25_0000,Dread Wrightstone (ITEM_25_0000),BB731907
ITEM_25_0001,Dread Wrightstone (ITEM_25_0001),C1481583
ITEM_25_0010,Dread Wrightstone (ITEM_25_0010),AAE10C28
ITEM_25_0011,Dread Wrightstone (ITEM_25_0011),11A1B6B3
ITEM_25_0012,Dread Wrightstone (ITEM_25_0012),4E3989B8
ITEM_25_0013,Dread Wrightstone (ITEM_25_0013),471E6CE2
ITEM_25_0130,Dread Wrightstone (ITEM_25_0130),BCDBC4B6
ITEM_25_0131,Dread Wrightstone (ITEM_25_0131),09E6F629
ITEM_25_1000,Dread Wrightstone (ITEM_25_1000),A90975B8
ITEM_25_1002,Dread Wrightstone (ITEM_25_1002),8D101B82
ITEM_25_1003,Dread Wrightstone (ITEM_25_1003),55D1B23F
ITEM_25_9999,Dread Wrightstone (ITEM_25_9999),2C8FA06C
ITEM_26_0000,Vitality Wrightstone (ITEM_26_0000),552D70ED
ITEM_26_0001,Vitality Wrightstone (ITEM_26_0001),F53AE497
ITEM_26_0010,Vitality Wrightstone (ITEM_26_0010),33E663D0
ITEM_26_0011,Vitality Wrightstone (ITEM_26_0011),95BF2C6F
ITEM_26_0012,Vitality Wrightstone (ITEM_26_0012),2CDFA192
ITEM_26_0013,Vitality Wrightstone (ITEM_26_0013),8B17ED44
ITEM_26_0020,Vitality Wrightstone (ITEM_26_0020),68B1AE43
ITEM_26_0130,Vitality Wrightstone (ITEM_28_0130),3EF6DEF5
ITEM_26_0131,Vitality Wrightstone (ITEM_28_0131),71173866
ITEM_26_1000,Vitality Wrightstone (ITEM_26_1000),A062B3E4
ITEM_26_1002,Vitality Wrightstone (ITEM_26_1002),559E221D
ITEM_26_1003,Vitality Wrightstone (ITEM_26_1003),4BE41EC1
ITEM_26_9999,Vitality Wrightstone (ITEM_26_9999),21DAD920
ITEM_27_0000,Fortification Wrightstone (ITEM_27_0000),CB1E804F
ITEM_27_0001,Fortification Wrightstone (ITEM_27_0001),EEB19BEC
ITEM_27_0010,Fortification Wrightstone (ITEM_27_0010),A23F4F46
ITEM_27_0011,Fortification Wrightstone (ITEM_27_0011),817A2CC1
ITEM_27_0012,Fortification Wrightstone (ITEM_27_0012),BA78C0B2
ITEM_27_0013,Fortification Wrightstone (ITEM_27_0013),67AB886E
ITEM_27_0020,Fortification Wrightstone (ITEM_27_0020),4D16FCAB
ITEM_27_0130,Fortification Wrightstone (ITEM_27_0130),BE6124AD
ITEM_27_0131,Fortification Wrightstone (ITEM_27_0131),667EE1D3
ITEM_27_1000,Fortification Wrightstone (ITEM_27_1000),AD9737A9
ITEM_27_1002,Fortification Wrightstone (ITEM_27_1002),2492ECC9
ITEM_28_0000,Sequestration Wrightstone (ITEM_28_0000),463ABC2D
ITEM_28_0001,Sequestration Wrightstone (ITEM_28_0001),19B187D7
ITEM_28_0010,Sequestration Wrightstone (ITEM_28_0010),035C056D
ITEM_28_0011,Sequestration Wrightstone (ITEM_28_0011),F9D46AD2
ITEM_28_0012,Sequestration Wrightstone (ITEM_28_0012),AAB4C91A
ITEM_28_0013,Sequestration Wrightstone (ITEM_28_0013),40044975
ITEM_28_0020,Sequestration Wrightstone (ITEM_28_0020),7A1CF760
ITEM_28_0130,Sequestration Wrightstone (ITEM_28_0130),0BD373A4
ITEM_28_0131,Sequestration Wrightstone (ITEM_28_0131),202A0DB9
ITEM_28_1000,Sequestration Wrightstone (ITEM_28_1000),D2C1330F
ITEM_28_1002,Sequestration Wrightstone (ITEM_28_1002),176436F3
ITEM_28_1003,Sequestration Wrightstone (ITEM_28_1003),F6155395
ITEM_28_9999,Sequestration Wrightstone (ITEM_28_9999),8DB0B117
ITEM_29_0000,Internal Wrightstone Slot 29-0000,FE8E1500
ITEM_29_0001,Internal Wrightstone Slot 29-0001,8436A713
ITEM_30_0000,Mirage Munition,41776DFD
ITEM_31_0000,Bizarre Wing,D47F792A
ITEM_31_0001,Bizarre Ice Spine,ED91FE58
ITEM_31_0002,Chilling Demon Eye,E4070E98
ITEM_31_0010,Bleak Bone,B83B6B1D
ITEM_31_0011,Bleak Armguard,0692327C
ITEM_31_0012,Frosty War Axe,8BEF5254
ITEM_31_0020,Purgatory Bone,20612B0A
ITEM_31_0021,Purgatory Armguard,9BE7982B
ITEM_31_0022,Searing War Axe,68FF3A08
ITEM_31_0030,Griffin Feather,CD298CC8
ITEM_31_0031,Griffin Talon,7E7999B3
ITEM_31_0032,Giant Beak,65D98A52
ITEM_31_0040,Landbeast Claw,C96755A7
ITEM_31_0041,Landbeast Plate,52BB246C
ITEM_31_0042,Landbeast Horn,21B32140
