Hash,Name,Category,Notes,Source
C4925BD7,Attack Power Up,OverMasteries,Source: Downloaded Mastery ID/Search sheet gid 1539189767; Value column: QMX fallback; QMX alias: C4925BD7,Google Sheet gid 1539189767 ID/Search
68B39018,Chain Burst Damage Up,OverMasteries,Source: Downloaded Mastery ID/Search sheet gid 1539189767; Value column: QMX fallback; QMX alias: 68B39018,Google Sheet gid 1539189767 ID/Search
45C65767,Critical Rate,OverMasteries,Source: Downloaded Mastery ID/Search sheet gid 1539189767; Value column: QMX fallback; QMX alias: 45C65767,Google Sheet gid 1539189767 ID/Search
54929589,Healing Cap Up,OverMasteries,Source: Downloaded Mastery ID/Search sheet gid 1539189767; Value column: QMX fallback; QMX alias: 54929589,Google Sheet gid 1539189767 ID/Search
52A207B5,Health Up,OverMasteries,Source: Downloaded Mastery ID/Search sheet gid 1539189767; Value column: QMX fallback; QMX alias: 52A207B5,Google Sheet gid 1539189767 ID/Search
43B7581D,Normal Damage Cap Up,OverMasteries,Source: Downloaded Mastery ID/Search sheet gid 1539189767; Value column: QMX fallback; QMX alias: 43B7581D,Google Sheet gid 1539189767 ID/Search
4A4C093D,SBA Damage Cap Up,OverMasteries,Source: Downloaded Mastery ID/Search sheet gid 1539189767; Value column: QMX fallback; QMX alias: 4A4C093D,Google Sheet gid 1539189767 ID/Search
4E42646B,SBA Damage Up,OverMasteries,Source: Downloaded Mastery ID/Search sheet gid 1539189767; Value column: QMX fallback; QMX alias: 4E42646B,Google Sheet gid 1539189767 ID/Search
9C555433,Skill Damage Cap Up,OverMasteries,Source: Downloaded Mastery ID/Search sheet gid 1539189767; Value column: QMX fallback; QMX alias: 9C555433,Google Sheet gid 1539189767 ID/Search
9A97C049,Skill Damage Up,OverMasteries,Source: Downloaded Mastery ID/Search sheet gid 1539189767; Value column: QMX fallback; QMX alias: 9A97C049,Google Sheet gid 1539189767 ID/Search
6CB38EF3,Stun Power Up,OverMasteries,Source: Downloaded Mastery ID/Search sheet gid 1539189767; Value column: QMX fallback; QMX alias: 6CB38EF3,Google Sheet gid 1539189767 ID/Search
71EE77EB,Perfect Dodge,Defense,Source: Downloaded Mastery ID/Search sheet gid 1539189767; Value column: QMX fallback; QMX alias: 71EE77EB,Google Sheet gid 1539189767 ID/Search
B01E834C,Perfect Guard,Defense,Source: Downloaded Mastery ID/Search sheet gid 1539189767; Value column: QMX fallback; QMX alias: B01E834C,Google Sheet gid 1539189767 ID/Search
23230C1E,Health Up,Defense,Source: Downloaded Mastery ID/Search sheet gid 1539189767; Value column: QMX fallback; QMX alias: 23230C1E,Google Sheet gid 1539189767 ID/Search
8E8A54BC,Stun Power Up,Offense,Source: Downloaded Mastery ID/Search sheet gid 1539189767; Value column: QMX fallback; QMX alias: 8E8A54BC,Google Sheet gid 1539189767 ID/Search
7B727910,Sigil Adding,Offense,Source: Downloaded Mastery ID/Search sheet gid 1539189767; Value column: QMX fallback; QMX alias: 7B727910,Google Sheet gid 1539189767 ID/Search
F9A920EE,Critical Hit Rate Up (Link Time),Offense,Source: Downloaded Mastery ID/Search sheet gid 1539189767; Value column: QMX fallback; QMX alias: F9A920EE,Google Sheet gid 1539189767 ID/Search
C4363A99,Stun Power up,Offense,Source: Downloaded Mastery ID/Search sheet gid 1539189767; Value column: QMX fallback; QMX alias: C4363A99,Google Sheet gid 1539189767 ID/Search
B6A13CDC,Enhanced Arts Level (Link Time),Offense,Source: Downloaded Mastery ID/Search sheet gid 1539189767; Value column: QMX fallback; QMX alias: B6A13CDC,Google Sheet gid 1539189767 ID/Search
F9AFD658,Back Attack Damage Up,Offense,Source: Downloaded Mastery ID/Search sheet gid 1539189767; Value column: QMX fallback; QMX alias: F9AFD658,Google Sheet gid 1539189767 ID/Search
6E13DF92,Critical Hit Rate Up,Offense,Source: Downloaded Mastery ID/Search sheet gid 1539189767; Value column: QMX fallback; QMX alias: 6E13DF92,Google Sheet gid 1539189767 ID/Search
807E9E58,Attack Power Up,Offense,Source: Downloaded Mastery ID/Search sheet gid 1539189767; Value column: QMX fallback; QMX alias: 807E9E58,Google Sheet gid 1539189767 ID/Search
B5B470B8,B5B470B8,Mastery / ID Search,Source: Downloaded Mastery ID/Search sheet gid 1539189767; Value column: QMX fallback; QMX alias: B5B470B8,Google Sheet gid 1539189767 ID/Search
87934DAE,Weak Point Damage Up,Offense,Source: Downloaded Mastery ID/Search sheet gid 1539189767; Value column: QMX fallback; QMX alias: 87934DAE,Google Sheet gid 1539189767 ID/Search
459C40E6,Faster Cooldowns (Link Time) -50%,Offense,Source: Downloaded Mastery ID/Search sheet gid 1539189767; Value column: QMX fallback; QMX alias: 459C40E6,Google Sheet gid 1539189767 ID/Search
949BA815,949BA815,Mastery / ID Search,Source: Downloaded Mastery ID/Search sheet gid 1539189767; Value column: QMX fallback; QMX alias: 949BA815,Google Sheet gid 1539189767 ID/Search
972D48E4,Link Level Gain Up,Offense,Source: Downloaded Mastery ID/Search sheet gid 1539189767; Value column: QMX fallback; QMX alias: 972D48E4,Google Sheet gid 1539189767 ID/Search
F5C314A0,F5C314A0,Mastery / ID Search,Source: Downloaded Mastery ID/Search sheet gid 1539189767; Value column: QMX fallback; QMX alias: F5C314A0,Google Sheet gid 1539189767 ID/Search
08CBAC1D,Full Burst Enhanced Specs,Offense,Source: Downloaded Mastery ID/Search sheet gid 1539189767; Value column: QMX fallback; QMX alias: 08CBAC1D,Google Sheet gid 1539189767 ID/Search
5C18FD45,Stun Power Up,Offense,Source: Downloaded Mastery ID/Search sheet gid 1539189767; Value column: QMX fallback; QMX alias: 5C18FD45,Google Sheet gid 1539189767 ID/Search
15AFE5A1,Critical Hit Rate Up,Offense,Source: Downloaded Mastery ID/Search sheet gid 1539189767; Value column: QMX fallback; QMX alias: 15AFE5A1,Google Sheet gid 1539189767 ID/Search
F87DEEB9,F87DEEB9,Mastery / ID Search,Source: Downloaded Mastery ID/Search sheet gid 1539189767; Value column: QMX fallback; QMX alias: F87DEEB9,Google Sheet gid 1539189767 ID/Search
874353D7,Attack Power Up,Offense,Source: Downloaded Mastery ID/Search sheet gid 1539189767; Value column: QMX fallback; QMX alias: 874353D7,Google Sheet gid 1539189767 ID/Search
7416F5D5,Attack Up (Link Time)+,Offense,Source: Downloaded Mastery ID/Search sheet gid 1539189767; Value column: QMX fallback; QMX alias: 7416F5D5,Google Sheet gid 1539189767 ID/Search
42F7C5BA,Critical Hit Rate Up,Offense,Source: Downloaded Mastery ID/Search sheet gid 1539189767; Value column: QMX fallback; QMX alias: 42F7C5BA,Google Sheet gid 1539189767 ID/Search
3356DD03,Stun Power Up,Offense,Source: Downloaded Mastery ID/Search sheet gid 1539189767; Value column: QMX fallback; QMX alias: 3356DD03,Google Sheet gid 1539189767 ID/Search
F581C321,Skybound Art Damage Up,Offense,Source: Downloaded Mastery ID/Search sheet gid 1539189767; Value column: QMX fallback; QMX alias: F581C321,Google Sheet gid 1539189767 ID/Search
5A9BF05E,Launch,Offense,Source: Downloaded Mastery ID/Search sheet gid 1539189767; Value column: QMX fallback; QMX alias: 5A9BF05E,Google Sheet gid 1539189767 ID/Search
C2D708C1,Attack Power Up,Offense,Source: Downloaded Mastery ID/Search sheet gid 1539189767; Value column: QMX fallback; QMX alias: C2D708C1,Google Sheet gid 1539189767 ID/Search
AB56BDE3,AB56BDE3,Mastery / ID Search,Source: Downloaded Mastery ID/Search sheet gid 1539189767; Value column: QMX fallback; QMX alias: AB56BDE3,Google Sheet gid 1539189767 ID/Search
36510BF3,36510BF3,Mastery / ID Search,Source: Downloaded Mastery ID/Search sheet gid 1539189767; Value column: QMX fallback; QMX alias: 36510BF3,Google Sheet gid 1539189767 ID/Search
390CE9D0,390CE9D0,Mastery / ID Search,Source: Downloaded Mastery ID/Search sheet gid 1539189767; Value column: QMX fallback; QMX alias: 390CE9D0,Google Sheet gid 1539189767 ID/Search
403BE586,403BE586,Mastery / ID Search,Source: Downloaded Mastery ID/Search sheet gid 1539189767; Value column: QMX fallback; QMX alias: 403BE586,Google Sheet gid 1539189767 ID/Search
B0D4071F,B0D4071F,Mastery / ID Search,Source: Downloaded Mastery ID/Search sheet gid 1539189767; Value column: QMX fallback; QMX alias: B0D4071F,Google Sheet gid 1539189767 ID/Search
F9F6F61D,F9F6F61D,Mastery / ID Search,Source: Downloaded Mastery ID/Search sheet gid 1539189767; Value column: QMX fallback; QMX alias: F9F6F61D,Google Sheet gid 1539189767 ID/Search
BFEA2037,Health Up,Mastery / ID Search,Source: Downloaded Mastery ID/Search sheet gid 1539189767; Value column: QMX fallback; QMX alias: BFEA2037,Google Sheet gid 1539189767 ID/Search
4D3386E5,Attack Power Up,Offense,Source: Downloaded Mastery ID/Search sheet gid 1539189767; Value column: QMX fallback; QMX alias: 4D3386E5,Google Sheet gid 1539189767 ID/Search
0A268710,0A268710,Mastery / ID Search,Source: Downloaded Mastery ID/Search sheet gid 1539189767; Value column: QMX fallback; QMX alias: 0A268710,Google Sheet gid 1539189767 ID/Search
76037FA7,76037FA7,Mastery / ID Search,Source: Downloaded Mastery ID/Search sheet gid 1539189767; Value column: QMX fallback; QMX alias: 76037FA7,Google Sheet gid 1539189767 ID/Search
A982ADE1,A982ADE1,Mastery / ID Search,Source: Downloaded Mastery ID/Search sheet gid 1539189767; Value column: QMX fallback; QMX alias: A982ADE1,Google Sheet gid 1539189767 ID/Search
C38A4B6B,Attack Power Up,Offense,Source: Downloaded Mastery ID/Search sheet gid 1539189767; Value column: QMX fallback; QMX alias: C38A4B6B,Google Sheet gid 1539189767 ID/Search
F39E6424,F39E6424,Mastery / ID Search,Source: Downloaded Mastery ID/Search sheet gid 1539189767; Value column: QMX fallback; QMX alias: F39E6424,Google Sheet gid 1539189767 ID/Search
CE4AE06B,CE4AE06B,Mastery / ID Search,Source: Downloaded Mastery ID/Search sheet gid 1539189767; Value column: QMX fallback; QMX alias: CE4AE06B,Google Sheet gid 1539189767 ID/Search
2CB23976,2CB23976,Mastery / ID Search,Source: Downloaded Mastery ID/Search sheet gid 1539189767; Value column: QMX fallback; QMX alias: 2CB23976,Google Sheet gid 1539189767 ID/Search
1A2155E5,1A2155E5,Mastery / ID Search,Source: Downloaded Mastery ID/Search sheet gid 1539189767; Value column: QMX fallback; QMX alias: 1A2155E5,Google Sheet gid 1539189767 ID/Search
69516E16,69516E16,Mastery / ID Search,Source: Downloaded Mastery ID/Search sheet gid 1539189767; Value column: QMX fallback; QMX alias: 69516E16,Google Sheet gid 1539189767 ID/Search
422E5F47,422E5F47,Mastery / ID Search,Source: Downloaded Mastery ID/Search sheet gid 1539189767; Value column: QMX fallback; QMX alias: 422E5F47,Google Sheet gid 1539189767 ID/Search
DD06D9E6,DD06D9E6,Mastery / ID Search,Source: Downloaded Mastery ID/Search sheet gid 1539189767; Value column: QMX fallback; QMX alias: DD06D9E6,Google Sheet gid 1539189767 ID/Search
B1218F6F,B1218F6F,Mastery / ID Search,Source: Downloaded Mastery ID/Search sheet gid 1539189767; Value column: QMX fallback; QMX alias: B1218F6F,Google Sheet gid 1539189767 ID/Search
5C492FDB,5C492FDB,Mastery / ID Search,Source: Downloaded Mastery ID/Search sheet gid 1539189767; Value column: QMX fallback; QMX alias: 5C492FDB,Google Sheet gid 1539189767 ID/Search
0E146781,0E146781,Mastery / ID Search,Source: Downloaded Mastery ID/Search sheet gid 1539189767; Value column: QMX fallback; QMX alias: 0E146781,Google Sheet gid 1539189767 ID/Search
0F25B474,0F25B474,Mastery / ID Search,Source: Downloaded Mastery ID/Search sheet gid 1539189767; Value column: QMX fallback; QMX alias: 0F25B474,Google Sheet gid 1539189767 ID/Search
D521C6E3,D521C6E3,Mastery / ID Search,Source: Downloaded Mastery ID/Search sheet gid 1539189767; Value column: QMX fallback; QMX alias: D521C6E3,Google Sheet gid 1539189767 ID/Search
EE0C1CBC,EE0C1CBC,Mastery / ID Search,Source: Downloaded Mastery ID/Search sheet gid 1539189767; Value column: QMX fallback; QMX alias: EE0C1CBC,Google Sheet gid 1539189767 ID/Search
0755E545,0755E545,Mastery / ID Search,Source: Downloaded Mastery ID/Search sheet gid 1539189767; Value column: QMX fallback; QMX alias: 0755E545,Google Sheet gid 1539189767 ID/Search
D3788A5E,D3788A5E,Mastery / ID Search,Source: Downloaded Mastery ID/Search sheet gid 1539189767; Value column: QMX fallback; QMX alias: D3788A5E,Google Sheet gid 1539189767 ID/Search
3755AAEE,3755AAEE,Mastery / ID Search,Source: Downloaded Mastery ID/Search sheet gid 1539189767; Value column: QMX fallback; QMX alias: 3755AAEE,Google Sheet gid 1539189767 ID/Search
2957AC4C,2957AC4C,Mastery / ID Search,Source: Downloaded Mastery ID/Search sheet gid 1539189767; Value column: QMX fallback; QMX alias: 2957AC4C,Google Sheet gid 1539189767 ID/Search
E541156C,E541156C,Mastery / ID Search,Source: Downloaded Mastery ID/Search sheet gid 1539189767; Value column: QMX fallback; QMX alias: E541156C,Google Sheet gid 1539189767 ID/Search
6E2C409B,6E2C409B,Mastery / ID Search,Source: Downloaded Mastery ID/Search sheet gid 1539189767; Value column: QMX fallback; QMX alias: 6E2C409B,Google Sheet gid 1539189767 ID/Search
A58400C0,A58400C0,Mastery / ID Search,Source: Downloaded Mastery ID/Search sheet gid 1539189767; Value column: QMX fallback; QMX alias: A58400C0,Google Sheet gid 1539189767 ID/Search
4F153215,4F153215,Mastery / ID Search,Source: Downloaded Mastery ID/Search sheet gid 1539189767; Value column: QMX fallback; QMX alias: 4F153215,Google Sheet gid 1539189767 ID/Search
AD3F1F5D,AD3F1F5D,Mastery / ID Search,Source: Downloaded Mastery ID/Search sheet gid 1539189767; Value column: QMX fallback; QMX alias: AD3F1F5D,Google Sheet gid 1539189767 ID/Search
69750E26,69750E26,Mastery / ID Search,Source: Downloaded Mastery ID/Search sheet gid 1539189767; Value column: QMX fallback; QMX alias: 69750E26,Google Sheet gid 1539189767 ID/Search
64B71571,64B71571,Mastery / ID Search,Source: Downloaded Mastery ID/Search sheet gid 1539189767; Value column: QMX fallback; QMX alias: 64B71571,Google Sheet gid 1539189767 ID/Search
79D673D4,79D673D4,Mastery / ID Search,Source: Downloaded Mastery ID/Search sheet gid 1539189767; Value column: QMX fallback; QMX alias: 79D673D4,Google Sheet gid 1539189767 ID/Search
9BB8E79F,9BB8E79F,Mastery / ID Search,Source: Downloaded Mastery ID/Search sheet gid 1539189767; Value column: QMX fallback; QMX alias: 9BB8E79F,Google Sheet gid 1539189767 ID/Search
87C39144,87C39144,Mastery / ID Search,Source: Downloaded Mastery ID/Search sheet gid 1539189767; Value column: QMX fallback; QMX alias: 87C39144,Google Sheet gid 1539189767 ID/Search
A00E10FA,A00E10FA,Mastery / ID Search,Source: Downloaded Mastery ID/Search sheet gid 1539189767; Value column: QMX fallback; QMX alias: A00E10FA,Google Sheet gid 1539189767 ID/Search
C8DAF672,C8DAF672,Mastery / ID Search,Source: Downloaded Mastery ID/Search sheet gid 1539189767; Value column: QMX fallback; QMX alias: C8DAF672,Google Sheet gid 1539189767 ID/Search
5CB5E983,5CB5E983,Mastery / ID Search,Source: Downloaded Mastery ID/Search sheet gid 1539189767; Value column: QMX fallback; QMX alias: 5CB5E983,Google Sheet gid 1539189767 ID/Search
E329E521,E329E521,Mastery / ID Search,Source: Downloaded Mastery ID/Search sheet gid 1539189767; Value column: QMX fallback; QMX alias: E329E521,Google Sheet gid 1539189767 ID/Search
CDEAD42E,CDEAD42E,Mastery / ID Search,Source: Downloaded Mastery ID/Search sheet gid 1539189767; Value column: QMX fallback; QMX alias: CDEAD42E,Google Sheet gid 1539189767 ID/Search
B8A83434,B8A83434,Mastery / ID Search,Source: Downloaded Mastery ID/Search sheet gid 1539189767; Value column: QMX fallback; QMX alias: B8A83434,Google Sheet gid 1539189767 ID/Search
A92687AF,A92687AF,Mastery / ID Search,Source: Downloaded Mastery ID/Search sheet gid 1539189767; Value column: QMX fallback; QMX alias: A92687AF,Google Sheet gid 1539189767 ID/Search
9550511A,9550511A,Mastery / ID Search,Source: Downloaded Mastery ID/Search sheet gid 1539189767; Value column: QMX fallback; QMX alias: 9550511A,Google Sheet gid 1539189767 ID/Search
CFB53920,CFB53920,Mastery / ID Search,Source: Downloaded Mastery ID/Search sheet gid 1539189767; Value column: QMX fallback; QMX alias: CFB53920,Google Sheet gid 1539189767 ID/Search
BD2D783A,BD2D783A,Mastery / ID Search,Source: Downloaded Mastery ID/Search sheet gid 1539189767; Value column: QMX fallback; QMX alias: BD2D783A,Google Sheet gid 1539189767 ID/Search
AE5F7548,AE5F7548,Mastery / ID Search,Source: Downloaded Mastery ID/Search sheet gid 1539189767; Value column: QMX fallback; QMX alias: AE5F7548,Google Sheet gid 1539189767 ID/Search
49089D4F,49089D4F,Mastery / ID Search,Source: Downloaded Mastery ID/Search sheet gid 1539189767; Value column: QMX fallback; QMX alias: 49089D4F,Google Sheet gid 1539189767 ID/Search
1D91C22D,1D91C22D,Mastery / ID Search,Source: Downloaded Mastery ID/Search sheet gid 1539189767; Value column: QMX fallback; QMX alias: 1D91C22D,Google Sheet gid 1539189767 ID/Search
BA007D38,BA007D38,Mastery / ID Search,Source: Downloaded Mastery ID/Search sheet gid 1539189767; Value column: QMX fallback; QMX alias: BA007D38,Google Sheet gid 1539189767 ID/Search
C709F71D,C709F71D,Mastery / ID Search,Source: Downloaded Mastery ID/Search sheet gid 1539189767; Value column: QMX fallback; QMX alias: C709F71D,Google Sheet gid 1539189767 ID/Search
1D62C504,1D62C504,Mastery / ID Search,Source: Downloaded Mastery ID/Search sheet gid 1539189767; Value column: QMX fallback; QMX alias: 1D62C504,Google Sheet gid 1539189767 ID/Search
6BA69F57,6BA69F57,Mastery / ID Search,Source: Downloaded Mastery ID/Search sheet gid 1539189767; Value column: QMX fallback; QMX alias: 6BA69F57,Google Sheet gid 1539189767 ID/Search
5D8A0A9B,5D8A0A9B,Mastery / ID Search,Source: Downloaded Mastery ID/Search sheet gid 1539189767; Value column: QMX fallback; QMX alias: 5D8A0A9B,Google Sheet gid 1539189767 ID/Search
22C8B147,22C8B147,Mastery / ID Search,Source: Downloaded Mastery ID/Search sheet gid 1539189767; Value column: QMX fallback; QMX alias: 22C8B147,Google Sheet gid 1539189767 ID/Search
76448253,76448253,Mastery / ID Search,Source: Downloaded Mastery ID/Search sheet gid 1539189767; Value column: QMX fallback; QMX alias: 76448253,Google Sheet gid 1539189767 ID/Search
E67CD078,E67CD078,Mastery / ID Search,Source: Downloaded Mastery ID/Search sheet gid 1539189767; Value column: QMX fallback; QMX alias: E67CD078,Google Sheet gid 1539189767 ID/Search
14DB5CD2,14DB5CD2,Mastery / ID Search,Source: Downloaded Mastery ID/Search sheet gid 1539189767; Value column: QMX fallback; QMX alias: 14DB5CD2,Google Sheet gid 1539189767 ID/Search
7EF42E2C,7EF42E2C,Mastery / ID Search,Source: Downloaded Mastery ID/Search sheet gid 1539189767; Value column: QMX fallback; QMX alias: 7EF42E2C,Google Sheet gid 1539189767 ID/Search
104CC1EC,104CC1EC,Mastery / ID Search,Source: Downloaded Mastery ID/Search sheet gid 1539189767; Value column: QMX fallback; QMX alias: 104CC1EC,Google Sheet gid 1539189767 ID/Search
64152E54,64152E54,Mastery / ID Search,Source: Downloaded Mastery ID/Search sheet gid 1539189767; Value column: QMX fallback; QMX alias: 64152E54,Google Sheet gid 1539189767 ID/Search
1AFD9308,1AFD9308,Mastery / ID Search,Source: Downloaded Mastery ID/Search sheet gid 1539189767; Value column: QMX fallback; QMX alias: 1AFD9308,Google Sheet gid 1539189767 ID/Search
DFD20F2F,DFD20F2F,Mastery / ID Search,Source: Downloaded Mastery ID/Search sheet gid 1539189767; Value column: QMX fallback; QMX alias: DFD20F2F,Google Sheet gid 1539189767 ID/Search
638F4407,638F4407,Mastery / ID Search,Source: Downloaded Mastery ID/Search sheet gid 1539189767; Value column: QMX fallback; QMX alias: 638F4407,Google Sheet gid 1539189767 ID/Search
CF5E0D39,CF5E0D39,Mastery / ID Search,Source: Downloaded Mastery ID/Search sheet gid 1539189767; Value column: QMX fallback; QMX alias: CF5E0D39,Google Sheet gid 1539189767 ID/Search
BAA345F3,BAA345F3,Mastery / ID Search,Source: Downloaded Mastery ID/Search sheet gid 1539189767; Value column: QMX fallback; QMX alias: BAA345F3,Google Sheet gid 1539189767 ID/Search
EDAC4736,EDAC4736,Mastery / ID Search,Source: Downloaded Mastery ID/Search sheet gid 1539189767; Value column: QMX fallback; QMX alias: EDAC4736,Google Sheet gid 1539189767 ID/Search
465436B5,465436B5,Mastery / ID Search,Source: Downloaded Mastery ID/Search sheet gid 1539189767; Value column: QMX fallback; QMX alias: 465436B5,Google Sheet gid 1539189767 ID/Search
3D0C48B0,3D0C48B0,Mastery / ID Search,Source: Downloaded Mastery ID/Search sheet gid 1539189767; Value column: QMX fallback; QMX alias: 3D0C48B0,Google Sheet gid 1539189767 ID/Search
14FF9034,14FF9034,Mastery / ID Search,Source: Downloaded Mastery ID/Search sheet gid 1539189767; Value column: QMX fallback; QMX alias: 14FF9034,Google Sheet gid 1539189767 ID/Search
5768265F,5768265F,Mastery / ID Search,Source: Downloaded Mastery ID/Search sheet gid 1539189767; Value column: QMX fallback; QMX alias: 5768265F,Google Sheet gid 1539189767 ID/Search
45AD9601,45AD9601,Mastery / ID Search,Source: Downloaded Mastery ID/Search sheet gid 1539189767; Value column: QMX fallback; QMX alias: 45AD9601,Google Sheet gid 1539189767 ID/Search
092BC082,092BC082,Mastery / ID Search,Source: Downloaded Mastery ID/Search sheet gid 1539189767; Value column: QMX fallback; QMX alias: 092BC082,Google Sheet gid 1539189767 ID/Search
1A0F15F9,1A0F15F9,Mastery / ID Search,Source: Downloaded Mastery ID/Search sheet gid 1539189767; Value column: QMX fallback; QMX alias: 1A0F15F9,Google Sheet gid 1539189767 ID/Search
2D94A8B9,2D94A8B9,Mastery / ID Search,Source: Downloaded Mastery ID/Search sheet gid 1539189767; Value column: QMX fallback; QMX alias: 2D94A8B9,Google Sheet gid 1539189767 ID/Search
1D4D63ED,1D4D63ED,Mastery / ID Search,Source: Downloaded Mastery ID/Search sheet gid 1539189767; Value column: QMX fallback; QMX alias: 1D4D63ED,Google Sheet gid 1539189767 ID/Search
5559A0FE,5559A0FE,Mastery / ID Search,Source: Downloaded Mastery ID/Search sheet gid 1539189767; Value column: QMX fallback; QMX alias: 5559A0FE,Google Sheet gid 1539189767 ID/Search
38F46723,38F46723,Mastery / ID Search,Source: Downloaded Mastery ID/Search sheet gid 1539189767; Value column: QMX fallback; QMX alias: 38F46723,Google Sheet gid 1539189767 ID/Search
E2FB2ADC,E2FB2ADC,Mastery / ID Search,Source: Downloaded Mastery ID/Search sheet gid 1539189767; Value column: QMX fallback; QMX alias: E2FB2ADC,Google Sheet gid 1539189767 ID/Search
58F6559B,58F6559B,Mastery / ID Search,Source: Downloaded Mastery ID/Search sheet gid 1539189767; Value column: QMX fallback; QMX alias: 58F6559B,Google Sheet gid 1539189767 ID/Search
62ACE5EC,62ACE5EC,Mastery / ID Search,Source: Downloaded Mastery ID/Search sheet gid 1539189767; Value column: QMX fallback; QMX alias: 62ACE5EC,Google Sheet gid 1539189767 ID/Search
89F8A99F,89F8A99F,Mastery / ID Search,Source: Downloaded Mastery ID/Search sheet gid 1539189767; Value column: QMX fallback; QMX alias: 89F8A99F,Google Sheet gid 1539189767 ID/Search
4D2183E4,4D2183E4,Mastery / ID Search,Source: Downloaded Mastery ID/Search sheet gid 1539189767; Value column: QMX fallback; QMX alias: 4D2183E4,Google Sheet gid 1539189767 ID/Search
241647AF,241647AF,Mastery / ID Search,Source: Downloaded Mastery ID/Search sheet gid 1539189767; Value column: QMX fallback; QMX alias: 241647AF,Google Sheet gid 1539189767 ID/Search
6D9039CA,6D9039CA,Mastery / ID Search,Source: Downloaded Mastery ID/Search sheet gid 1539189767; Value column: QMX fallback; QMX alias: 6D9039CA,Google Sheet gid 1539189767 ID/Search
AA142697,AA142697,Mastery / ID Search,Source: Downloaded Mastery ID/Search sheet gid 1539189767; Value column: QMX fallback; QMX alias: AA142697,Google Sheet gid 1539189767 ID/Search
9AC68133,9AC68133,Mastery / ID Search,Source: Downloaded Mastery ID/Search sheet gid 1539189767; Value column: QMX fallback; QMX alias: 9AC68133,Google Sheet gid 1539189767 ID/Search
D1234E28,D1234E28,Mastery / ID Search,Source: Downloaded Mastery ID/Search sheet gid 1539189767; Value column: QMX fallback; QMX alias: D1234E28,Google Sheet gid 1539189767 ID/Search
D875CC63,D875CC63,Mastery / ID Search,Source: Downloaded Mastery ID/Search sheet gid 1539189767; Value column: QMX fallback; QMX alias: D875CC63,Google Sheet gid 1539189767 ID/Search
6564C02B,6564C02B,Mastery / ID Search,Source: Downloaded Mastery ID/Search sheet gid 1539189767; Value column: QMX fallback; QMX alias: 6564C02B,Google Sheet gid 1539189767 ID/Search
5BB06FB2,5BB06FB2,Mastery / ID Search,Source: Downloaded Mastery ID/Search sheet gid 1539189767; Value column: QMX fallback; QMX alias: 5BB06FB2,Google Sheet gid 1539189767 ID/Search
340F36E9,340F36E9,Mastery / ID Search,Source: Downloaded Mastery ID/Search sheet gid 1539189767; Value column: QMX fallback; QMX alias: 340F36E9,Google Sheet gid 1539189767 ID/Search
BC15A5CA,BC15A5CA,Mastery / ID Search,Source: Downloaded Mastery ID/Search sheet gid 1539189767; Value column: QMX fallback; QMX alias: BC15A5CA,Google Sheet gid 1539189767 ID/Search
4E2513DF,4E2513DF,Mastery / ID Search,Source: Downloaded Mastery ID/Search sheet gid 1539189767; Value column: QMX fallback; QMX alias: 4E2513DF,Google Sheet gid 1539189767 ID/Search
124DB819,124DB819,Mastery / ID Search,Source: Downloaded Mastery ID/Search sheet gid 1539189767; Value column: QMX fallback; QMX alias: 124DB819,Google Sheet gid 1539189767 ID/Search
0879726E,0879726E,Mastery / ID Search,Source: Downloaded Mastery ID/Search sheet gid 1539189767; Value column: QMX fallback; QMX alias: 0879726E,Google Sheet gid 1539189767 ID/Search
D3D750D0,D3D750D0,Mastery / ID Search,Source: Downloaded Mastery ID/Search sheet gid 1539189767; Value column: QMX fallback; QMX alias: D3D750D0,Google Sheet gid 1539189767 ID/Search
7922655E,7922655E,Mastery / ID Search,Source: Downloaded Mastery ID/Search sheet gid 1539189767; Value column: QMX fallback; QMX alias: 7922655E,Google Sheet gid 1539189767 ID/Search
7D86FACC,7D86FACC,Mastery / ID Search,Source: Downloaded Mastery ID/Search sheet gid 1539189767; Value column: QMX fallback; QMX alias: 7D86FACC,Google Sheet gid 1539189767 ID/Search
04513C69,04513C69,Mastery / ID Search,Source: Downloaded Mastery ID/Search sheet gid 1539189767; Value column: QMX fallback; QMX alias: 04513C69,Google Sheet gid 1539189767 ID/Search
393BE587,393BE587,Mastery / ID Search,Source: Downloaded Mastery ID/Search sheet gid 1539189767; Value column: QMX fallback; QMX alias: 393BE587,Google Sheet gid 1539189767 ID/Search
F10A05EA,F10A05EA,Mastery / ID Search,Source: Downloaded Mastery ID/Search sheet gid 1539189767; Value column: QMX fallback; QMX alias: F10A05EA,Google Sheet gid 1539189767 ID/Search
20BD4FE1,20BD4FE1,Mastery / ID Search,Source: Downloaded Mastery ID/Search sheet gid 1539189767; Value column: QMX fallback; QMX alias: 20BD4FE1,Google Sheet gid 1539189767 ID/Search
38F656E7,38F656E7,Mastery / ID Search,Source: Downloaded Mastery ID/Search sheet gid 1539189767; Value column: QMX fallback; QMX alias: 38F656E7,Google Sheet gid 1539189767 ID/Search
83318CFF,83318CFF,Mastery / ID Search,Source: Downloaded Mastery ID/Search sheet gid 1539189767; Value column: QMX fallback; QMX alias: 83318CFF,Google Sheet gid 1539189767 ID/Search
F260C7AB,F260C7AB,Mastery / ID Search,Source: Downloaded Mastery ID/Search sheet gid 1539189767; Value column: QMX fallback; QMX alias: F260C7AB,Google Sheet gid 1539189767 ID/Search
713933ED,713933ED,Mastery / ID Search,Source: Downloaded Mastery ID/Search sheet gid 1539189767; Value column: QMX fallback; QMX alias: 713933ED,Google Sheet gid 1539189767 ID/Search
D466D2D3,D466D2D3,Mastery / ID Search,Source: Downloaded Mastery ID/Search sheet gid 1539189767; Value column: QMX fallback; QMX alias: D466D2D3,Google Sheet gid 1539189767 ID/Search
994219A1,994219A1,Mastery / ID Search,Source: Downloaded Mastery ID/Search sheet gid 1539189767; Value column: QMX fallback; QMX alias: 994219A1,Google Sheet gid 1539189767 ID/Search
CA56BDBF,CA56BDBF,Mastery / ID Search,Source: Downloaded Mastery ID/Search sheet gid 1539189767; Value column: QMX fallback; QMX alias: CA56BDBF,Google Sheet gid 1539189767 ID/Search
2DEE5EED,2DEE5EED,Mastery / ID Search,Source: Downloaded Mastery ID/Search sheet gid 1539189767; Value column: QMX fallback; QMX alias: 2DEE5EED,Google Sheet gid 1539189767 ID/Search
6045BB81,6045BB81,Mastery / ID Search,Source: Downloaded Mastery ID/Search sheet gid 1539189767; Value column: QMX fallback; QMX alias: 6045BB81,Google Sheet gid 1539189767 ID/Search
