hash_hex,source_unit,template_qty,state_1803,index_1804,value_1805,value_1806,extra_1807,notes
DB1D4F35,0,818,12,260553,290185,15,0,from uploaded all-items PS4 save SaveData1 (4).dat
82C111C8,1,17,12,260712,0,0,0,from uploaded all-items PS4 save SaveData1 (4).dat
EB0A1DC8,2,167,12,288974,0,0,0,from uploaded all-items PS4 save SaveData1 (4).dat
D5E89BC8,3,502,12,260557,0,0,0,from uploaded all-items PS4 save SaveData1 (4).dat
9BE7982B,4,174,13,217233,0,0,0,from uploaded all-items PS4 save SaveData1 (4).dat
DEED762B,5,999,12,244637,0,0,0,from uploaded all-items PS4 save SaveData1 (4).dat
B451E459,6,999,12,244723,0,0,0,from uploaded all-items PS4 save SaveData1 (4).dat
65C8078D,7,55,13,289271,0,0,0,from uploaded all-items PS4 save SaveData1 (4).dat
EB0CCD8D,8,40,12,16361,0,0,0,from uploaded all-items PS4 save SaveData1 (4).dat
11A0F065,10,338,12,288999,0,0,0,from uploaded all-items PS4 save SaveData1 (4).dat
9C694865,11,361,12,265505,0,0,0,from uploaded all-items PS4 save SaveData1 (4).dat
1C67E865,12,50,12,21954,0,0,0,from uploaded all-items PS4 save SaveData1 (4).dat
F6155395,13,3,4,289032,0,0,0,from uploaded all-items PS4 save SaveData1 (4).dat
F430B195,14,111,12,288998,0,0,0,from uploaded all-items PS4 save SaveData1 (4).dat
65D98A52,15,72,12,288979,0,0,0,from uploaded all-items PS4 save SaveData1 (4).dat
C3D96C52,16,821,12,290174,0,0,0,from uploaded all-items PS4 save SaveData1 (4).dat
E0937C5B,17,36,12,248954,0,0,0,from uploaded all-items PS4 save SaveData1 (4).dat
13FCF405,18,15,12,288949,0,0,0,from uploaded all-items PS4 save SaveData1 (4).dat
2D510205,19,233,12,265518,0,0,0,from uploaded all-items PS4 save SaveData1 (4).dat
1CF9A666,20,999,12,265507,0,0,0,from uploaded all-items PS4 save SaveData1 (4).dat
DE302978,21,551,12,288943,0,0,0,from uploaded all-items PS4 save SaveData1 (4).dat
DD3F9978,22,999,12,265361,0,0,0,from uploaded all-items PS4 save SaveData1 (4).dat
4BE41EC1,23,90,4,289104,0,0,0,from uploaded all-items PS4 save SaveData1 (4).dat
817A2CC1,24,66,4,289111,0,0,0,from uploaded all-items PS4 save SaveData1 (4).dat
206C6EC1,25,195,12,223736,0,0,0,from uploaded all-items PS4 save SaveData1 (4).dat
926D4AE9,26,195,12,223734,0,0,0,from uploaded all-items PS4 save SaveData1 (4).dat
AAE10C28,27,210,4,289110,0,0,0,from uploaded all-items PS4 save SaveData1 (4).dat
51355C28,28,52,12,288956,0,0,0,from uploaded all-items PS4 save SaveData1 (4).dat
050C5228,29,999,12,289261,0,0,0,from uploaded all-items PS4 save SaveData1 (4).dat
514D7AA0,30,3,12,226157,0,0,0,from uploaded all-items PS4 save SaveData1 (4).dat
759850CA,31,305,12,226158,0,0,0,from uploaded all-items PS4 save SaveData1 (4).dat
26FA7DA3,32,999,12,226147,0,0,0,from uploaded all-items PS4 save SaveData1 (4).dat
C263CCDC,33,999,12,289342,0,0,0,from uploaded all-items PS4 save SaveData1 (4).dat
726575FF,34,3,12,4515,0,0,0,from uploaded all-items PS4 save SaveData1 (4).dat
745FD287,35,4,12,54264,0,0,0,from uploaded all-items PS4 save SaveData1 (4).dat
C2E4D287,36,65,12,122592,0,0,0,from uploaded all-items PS4 save SaveData1 (4).dat
79C247F6,37,475,12,273728,0,0,0,from uploaded all-items PS4 save SaveData1 (4).dat
09C7A73E,38,750,12,288980,0,0,0,from uploaded all-items PS4 save SaveData1 (4).dat
7992B6F0,39,256,12,226213,0,0,0,from uploaded all-items PS4 save SaveData1 (4).dat
A062B3E4,40,0,4,4311,0,0,0,from uploaded all-items PS4 save SaveData1 (4).dat
208FA9E4,41,539,12,265663,0,0,0,from uploaded all-items PS4 save SaveData1 (4).dat
3031E3E4,42,3,12,226203,0,0,0,from uploaded all-items PS4 save SaveData1 (4).dat
FEEAFCCF,43,170,12,288921,0,0,0,from uploaded all-items PS4 save SaveData1 (4).dat
6E49A111,44,999,12,289444,0,0,0,from uploaded all-items PS4 save SaveData1 (4).dat
9519F56A,45,65,12,244638,0,0,0,from uploaded all-items PS4 save SaveData1 (4).dat
C96755A7,46,0,12,76961,0,0,0,from uploaded all-items PS4 save SaveData1 (4).dat
0F479FA7,47,156,12,288976,0,0,0,from uploaded all-items PS4 save SaveData1 (4).dat
141EF3A7,48,774,12,247451,0,0,0,from uploaded all-items PS4 save SaveData1 (4).dat
5CEADFBC,49,976,12,290164,0,0,0,from uploaded all-items PS4 save SaveData1 (4).dat
F58676D3,50,1,44,1851,0,0,0,from uploaded all-items PS4 save SaveData1 (4).dat
9352DED3,51,99,12,248942,0,0,0,from uploaded all-items PS4 save SaveData1 (4).dat
8B75E58A,53,999,12,242599,0,0,0,from uploaded all-items PS4 save SaveData1 (4).dat
463ABC2D,54,2,4,288978,0,0,0,from uploaded all-items PS4 save SaveData1 (4).dat
1AA4382D,55,999,12,290131,0,0,0,from uploaded all-items PS4 save SaveData1 (4).dat
ED3B872D,56,62,12,288960,0,0,0,from uploaded all-items PS4 save SaveData1 (4).dat
8E1CB52D,57,407,12,265508,0,0,0,from uploaded all-items PS4 save SaveData1 (4).dat
BA78C0B2,58,624,4,290159,0,0,0,from uploaded all-items PS4 save SaveData1 (4).dat
E35076B2,59,9,13,288950,0,0,0,from uploaded all-items PS4 save SaveData1 (4).dat
28592CB2,60,999,12,289490,0,0,0,from uploaded all-items PS4 save SaveData1 (4).dat
434C567F,61,130,12,288951,0,0,0,from uploaded all-items PS4 save SaveData1 (4).dat
B78AC87F,62,39,12,226166,0,0,0,from uploaded all-items PS4 save SaveData1 (4).dat
92781B4B,63,521,12,216017,0,0,0,from uploaded all-items PS4 save SaveData1 (4).dat
38D2ECD0,64,999,12,289457,0,0,0,from uploaded all-items PS4 save SaveData1 (4).dat
ABA63A29,65,209,12,217232,0,0,0,from uploaded all-items PS4 save SaveData1 (4).dat
F6EE4068,66,999,12,290163,0,0,0,from uploaded all-items PS4 save SaveData1 (4).dat
FA737B89,67,24,12,134750,0,0,0,from uploaded all-items PS4 save SaveData1 (4).dat
6BDF6669,68,991,12,242347,0,0,0,from uploaded all-items PS4 save SaveData1 (4).dat
D93D7206,69,65,12,269738,0,0,0,from uploaded all-items PS4 save SaveData1 (4).dat
15C3F606,70,999,12,289455,0,0,0,from uploaded all-items PS4 save SaveData1 (4).dat
D15091D9,72,112,12,289003,0,0,0,from uploaded all-items PS4 save SaveData1 (4).dat
4F1E4C13,73,240,12,288926,0,0,0,from uploaded all-items PS4 save SaveData1 (4).dat
9F548DB0,74,141,12,288983,0,0,0,from uploaded all-items PS4 save SaveData1 (4).dat
729D7FB0,75,6,12,288973,0,0,0,from uploaded all-items PS4 save SaveData1 (4).dat
EEDFA4E4,76,1,44,59967,0,0,0,from uploaded all-items PS4 save SaveData1 (4).dat
815B2EE4,77,60,12,288938,0,0,0,from uploaded all-items PS4 save SaveData1 (4).dat
1A114B03,78,153,12,288941,0,0,0,from uploaded all-items PS4 save SaveData1 (4).dat
173851D4,79,14,13,288918,0,0,0,from uploaded all-items PS4 save SaveData1 (4).dat
BC413B80,80,65,12,288966,0,0,0,from uploaded all-items PS4 save SaveData1 (4).dat
BA799E24,81,11,13,288933,0,0,0,from uploaded all-items PS4 save SaveData1 (4).dat
451F7D7A,82,239,12,288944,0,0,0,from uploaded all-items PS4 save SaveData1 (4).dat
E5481168,83,346,12,288939,0,0,0,from uploaded all-items PS4 save SaveData1 (4).dat
4C4CAA77,84,31,13,273772,0,0,0,from uploaded all-items PS4 save SaveData1 (4).dat
5E2D3D63,85,15,12,288931,0,0,0,from uploaded all-items PS4 save SaveData1 (4).dat
F384E322,86,0,4,1808,0,0,0,from uploaded all-items PS4 save SaveData1 (4).dat
43915122,87,6,12,290066,0,0,0,from uploaded all-items PS4 save SaveData1 (4).dat
C05CA6A1,88,109,12,288977,0,0,0,from uploaded all-items PS4 save SaveData1 (4).dat
8D101B82,89,0,4,5206,0,0,0,from uploaded all-items PS4 save SaveData1 (4).dat
6B4E2182,90,58,12,288984,0,0,0,from uploaded all-items PS4 save SaveData1 (4).dat
C783F39D,91,151,13,288924,0,0,0,from uploaded all-items PS4 save SaveData1 (4).dat
99307633,92,126,12,289248,0,0,0,from uploaded all-items PS4 save SaveData1 (4).dat
0F6B4A1F,93,71,13,289270,0,0,0,from uploaded all-items PS4 save SaveData1 (4).dat
DF18535C,94,111,12,288968,0,0,0,from uploaded all-items PS4 save SaveData1 (4).dat
B4693222,95,94,12,289252,0,0,0,from uploaded all-items PS4 save SaveData1 (4).dat
687733C4,96,18,12,260556,0,0,0,from uploaded all-items PS4 save SaveData1 (4).dat
644536DF,97,72,12,231027,0,0,0,from uploaded all-items PS4 save SaveData1 (4).dat
7948DE7D,98,211,12,265510,0,0,0,from uploaded all-items PS4 save SaveData1 (4).dat
24DF54EE,99,510,12,289445,0,0,0,from uploaded all-items PS4 save SaveData1 (4).dat
E379E863,100,80,12,265677,0,0,0,from uploaded all-items PS4 save SaveData1 (4).dat
67E3F274,101,356,12,289348,0,0,0,from uploaded all-items PS4 save SaveData1 (4).dat
648CDA74,102,65,12,289375,0,0,0,from uploaded all-items PS4 save SaveData1 (4).dat
AD856C0C,103,18,12,289411,0,0,0,from uploaded all-items PS4 save SaveData1 (4).dat
9B442642,104,13,12,290038,0,0,0,from uploaded all-items PS4 save SaveData1 (4).dat
3916849C,105,8,4,290182,0,0,0,from uploaded all-items PS4 save SaveData1 (4).dat
94132AE1,106,7,4,290183,0,0,0,from uploaded all-items PS4 save SaveData1 (4).dat
A84CA7E9,107,6,4,290184,0,0,0,from uploaded all-items PS4 save SaveData1 (4).dat
E6E075E8,108,3,4,290185,0,0,0,from uploaded all-items PS4 save SaveData1 (4).dat
B2045655,110,50,12,290079,0,0,0,from uploaded all-items PS4 save SaveData1 (4).dat
D47F792A,111,47,13,248956,0,0,0,from uploaded all-items PS4 save SaveData1 (4).dat
90DF952A,112,999,12,290160,0,0,0,from uploaded all-items PS4 save SaveData1 (4).dat
8816ADC5,113,827,12,248953,0,0,0,from uploaded all-items PS4 save SaveData1 (4).dat
05D2CF79,114,999,12,259693,0,0,0,from uploaded all-items PS4 save SaveData1 (4).dat
4325AB79,116,574,12,265516,0,0,0,from uploaded all-items PS4 save SaveData1 (4).dat
7CFA41FC,117,527,12,265671,0,0,0,from uploaded all-items PS4 save SaveData1 (4).dat
23F2E797,119,999,12,290172,0,0,0,from uploaded all-items PS4 save SaveData1 (4).dat
9738C87A,121,82,12,248951,0,0,0,from uploaded all-items PS4 save SaveData1 (4).dat
6F1FABE6,122,83,12,265514,0,0,0,from uploaded all-items PS4 save SaveData1 (4).dat
5C07839A,123,2,12,16364,0,0,0,from uploaded all-items PS4 save SaveData1 (4).dat
2E94D39A,124,999,12,290168,0,0,0,from uploaded all-items PS4 save SaveData1 (4).dat
81BF605C,126,15,12,16363,0,0,0,from uploaded all-items PS4 save SaveData1 (4).dat
60CB5EA6,127,999,12,289346,0,0,0,from uploaded all-items PS4 save SaveData1 (4).dat
659230F4,128,411,12,288722,0,0,0,from uploaded all-items PS4 save SaveData1 (4).dat
541D3800,129,22,12,248952,0,0,0,from uploaded all-items PS4 save SaveData1 (4).dat
99D6247E,130,999,12,265520,0,0,0,from uploaded all-items PS4 save SaveData1 (4).dat
24725515,131,999,12,288825,0,0,0,from uploaded all-items PS4 save SaveData1 (4).dat
D27ACE64,132,1,12,3247,0,0,0,from uploaded all-items PS4 save SaveData1 (4).dat
01EAA064,133,43,12,288962,0,0,0,from uploaded all-items PS4 save SaveData1 (4).dat
3F8F4EFD,134,523,12,290177,0,0,0,from uploaded all-items PS4 save SaveData1 (4).dat
147EF70A,135,0,12,102661,0,0,0,from uploaded all-items PS4 save SaveData1 (4).dat
20612B0A,136,140,12,121371,0,0,0,from uploaded all-items PS4 save SaveData1 (4).dat
41E92F0A,137,860,12,290176,0,0,0,from uploaded all-items PS4 save SaveData1 (4).dat
181381E5,139,107,12,290157,0,0,0,from uploaded all-items PS4 save SaveData1 (4).dat
2492ECC9,140,0,4,5172,0,0,0,from uploaded all-items PS4 save SaveData1 (4).dat
29A7EEC9,141,120,12,269755,0,0,0,from uploaded all-items PS4 save SaveData1 (4).dat
6096C6BF,142,169,12,289266,0,0,0,from uploaded all-items PS4 save SaveData1 (4).dat
09370A3A,143,999,12,290171,0,0,0,from uploaded all-items PS4 save SaveData1 (4).dat
54FC643A,144,86,12,288946,0,0,0,from uploaded all-items PS4 save SaveData1 (4).dat
21B32140,145,85,12,289260,0,0,0,from uploaded all-items PS4 save SaveData1 (4).dat
7B600740,146,46,13,133798,0,0,0,from uploaded all-items PS4 save SaveData1 (4).dat
BB579CAF,148,78,13,259741,0,0,0,from uploaded all-items PS4 save SaveData1 (4).dat
9371081E,149,55,13,273749,0,0,0,from uploaded all-items PS4 save SaveData1 (4).dat
D6CC00D6,150,2,12,230499,0,0,0,from uploaded all-items PS4 save SaveData1 (4).dat
D9D98ED6,151,72,13,237702,0,0,0,from uploaded all-items PS4 save SaveData1 (4).dat
8682C2AC,152,1,44,22168,0,0,0,from uploaded all-items PS4 save SaveData1 (4).dat
1E133AAC,153,999,12,290073,0,0,0,from uploaded all-items PS4 save SaveData1 (4).dat
11722A61,154,90,12,290085,0,0,0,from uploaded all-items PS4 save SaveData1 (4).dat
F42D8C01,155,42,12,290175,0,0,0,from uploaded all-items PS4 save SaveData1 (4).dat
BEE8897D,158,996,12,289509,0,0,0,from uploaded all-items PS4 save SaveData1 (4).dat
8FFE7300,159,999,12,259687,0,0,0,from uploaded all-items PS4 save SaveData1 (4).dat
559E221D,160,0,4,5020,0,0,0,from uploaded all-items PS4 save SaveData1 (4).dat
94DD261D,161,696,12,289337,0,0,0,from uploaded all-items PS4 save SaveData1 (4).dat
F90A5398,162,118,12,288928,0,0,0,from uploaded all-items PS4 save SaveData1 (4).dat
9D598751,163,223,12,288923,0,0,0,from uploaded all-items PS4 save SaveData1 (4).dat
CDDE3137,164,238,12,289259,0,0,0,from uploaded all-items PS4 save SaveData1 (4).dat
E82861B1,165,100,12,288940,0,0,0,from uploaded all-items PS4 save SaveData1 (4).dat
91CCBC0F,166,94,12,288919,0,0,0,from uploaded all-items PS4 save SaveData1 (4).dat
D465046A,167,12,12,134749,0,0,0,from uploaded all-items PS4 save SaveData1 (4).dat
64473A6A,168,34,12,288987,0,0,0,from uploaded all-items PS4 save SaveData1 (4).dat
FE52F7CB,169,0,4,210282,0,0,0,from uploaded all-items PS4 save SaveData1 (4).dat
98E75FCB,170,74,12,288963,0,0,0,from uploaded all-items PS4 save SaveData1 (4).dat
9E75A958,171,122,12,288945,0,0,0,from uploaded all-items PS4 save SaveData1 (4).dat
35C7FBA0,172,0,12,16372,0,0,0,from uploaded all-items PS4 save SaveData1 (4).dat
8572B2CE,173,0,4,211041,0,0,0,from uploaded all-items PS4 save SaveData1 (4).dat
5B5B8603,176,0,4,244534,0,0,0,from uploaded all-items PS4 save SaveData1 (4).dat
41776DFD,177,999,12,290173,0,0,0,from uploaded all-items PS4 save SaveData1 (4).dat
ED91FE58,178,999,12,248957,0,0,0,from uploaded all-items PS4 save SaveData1 (4).dat
E4070E98,180,999,12,226217,0,0,0,from uploaded all-items PS4 save SaveData1 (4).dat
9BA6E51D,181,6,12,54243,0,0,0,from uploaded all-items PS4 save SaveData1 (4).dat
B83B6B1D,182,63,12,242615,0,0,0,from uploaded all-items PS4 save SaveData1 (4).dat
0692327C,183,81,12,242616,0,0,0,from uploaded all-items PS4 save SaveData1 (4).dat
7EB26854,184,999,12,289332,0,0,0,from uploaded all-items PS4 save SaveData1 (4).dat
8BEF5254,185,108,12,288932,0,0,0,from uploaded all-items PS4 save SaveData1 (4).dat
68FF3A08,186,132,12,289242,0,0,0,from uploaded all-items PS4 save SaveData1 (4).dat
CD298CC8,187,45,12,289508,0,0,0,from uploaded all-items PS4 save SaveData1 (4).dat
7E7999B3,188,263,13,48714,0,0,0,from uploaded all-items PS4 save SaveData1 (4).dat
2C8FA06C,189,0,4,5480,0,0,0,from uploaded all-items PS4 save SaveData1 (4).dat
52BB246C,190,109,12,289253,0,0,0,from uploaded all-items PS4 save SaveData1 (4).dat
9282ABBE,191,76,12,57971,0,0,0,from uploaded all-items PS4 save SaveData1 (4).dat
D943BEE6,192,88,12,288917,0,0,0,from uploaded all-items PS4 save SaveData1 (4).dat
354D4683,193,33,12,40672,0,0,0,from uploaded all-items PS4 save SaveData1 (4).dat
F82726D9,194,137,12,289339,0,0,0,from uploaded all-items PS4 save SaveData1 (4).dat
4C9BE4DE,195,233,12,289341,0,0,0,from uploaded all-items PS4 save SaveData1 (4).dat
B763E7AC,197,987,13,171974,0,0,0,from uploaded all-items PS4 save SaveData1 (4).dat
D7DB4607,198,999,12,259667,0,0,0,from uploaded all-items PS4 save SaveData1 (4).dat
C5406BBA,199,998,13,288929,0,0,0,from uploaded all-items PS4 save SaveData1 (4).dat
23C59C51,200,988,12,289004,0,0,0,from uploaded all-items PS4 save SaveData1 (4).dat
D5AF421A,201,57,12,46177,0,0,0,from uploaded all-items PS4 save SaveData1 (4).dat
99F44080,202,28,12,46178,0,0,0,from uploaded all-items PS4 save SaveData1 (4).dat
77DF2F30,203,126,12,289324,0,0,0,from uploaded all-items PS4 save SaveData1 (4).dat
000EB8F5,204,80,12,113873,0,0,0,from uploaded all-items PS4 save SaveData1 (4).dat
9E0FFA73,205,28,13,165907,0,0,0,from uploaded all-items PS4 save SaveData1 (4).dat
3048DAA9,206,119,12,289318,0,0,0,from uploaded all-items PS4 save SaveData1 (4).dat
1DA0A639,207,541,13,289349,0,0,0,from uploaded all-items PS4 save SaveData1 (4).dat
C037D7F0,208,999,12,288845,0,0,0,from uploaded all-items PS4 save SaveData1 (4).dat
3C3B449F,209,999,12,288836,0,0,0,from uploaded all-items PS4 save SaveData1 (4).dat
86B12ABC,210,1,44,4547,0,0,0,from uploaded all-items PS4 save SaveData1 (4).dat
0F34EABC,211,833,12,289345,0,0,0,from uploaded all-items PS4 save SaveData1 (4).dat
3AE09B39,212,491,12,289350,0,0,0,from uploaded all-items PS4 save SaveData1 (4).dat
5A5FA153,213,31,13,289314,0,0,0,from uploaded all-items PS4 save SaveData1 (4).dat
EAC2D7AB,214,0,4,4172,0,0,0,from uploaded all-items PS4 save SaveData1 (4).dat
6D876FAB,215,534,12,289333,0,0,0,from uploaded all-items PS4 save SaveData1 (4).dat
786407F5,216,7,12,228777,0,0,0,from uploaded all-items PS4 save SaveData1 (4).dat
CE0B379E,217,0,4,44307,0,0,0,from uploaded all-items PS4 save SaveData1 (4).dat
09F9339E,218,31,12,229006,0,0,0,from uploaded all-items PS4 save SaveData1 (4).dat
E68DA071,219,8,12,265577,0,0,0,from uploaded all-items PS4 save SaveData1 (4).dat
2D007309,220,4,12,290162,0,0,0,from uploaded all-items PS4 save SaveData1 (4).dat
D1D832C0,221,62,12,242317,0,0,0,from uploaded all-items PS4 save SaveData1 (4).dat
C1DCB7AE,222,24,13,289269,0,0,0,from uploaded all-items PS4 save SaveData1 (4).dat
82619167,224,0,4,3139,0,0,0,from uploaded all-items PS4 save SaveData1 (4).dat
C48004DD,225,1,44,59968,0,0,0,from uploaded all-items PS4 save SaveData1 (4).dat
A7C72F41,227,0,12,102653,0,0,0,from uploaded all-items PS4 save SaveData1 (4).dat
30E31AFE,228,0,12,181391,0,0,0,from uploaded all-items PS4 save SaveData1 (4).dat
F692F716,229,12,12,290064,0,0,0,from uploaded all-items PS4 save SaveData1 (4).dat
F8F91F7E,231,60,4,260003,0,0,0,from uploaded all-items PS4 save SaveData1 (4).dat
CB39E0FC,232,0,4,33418,0,0,0,from uploaded all-items PS4 save SaveData1 (4).dat
B5EEEA35,233,0,4,11118,0,0,0,from uploaded all-items PS4 save SaveData1 (4).dat
29BBA035,234,0,4,26757,0,0,0,from uploaded all-items PS4 save SaveData1 (4).dat
E600BE75,235,0,4,26388,0,0,0,from uploaded all-items PS4 save SaveData1 (4).dat
7F695B76,236,0,4,19364,0,0,0,from uploaded all-items PS4 save SaveData1 (4).dat
E8C461CA,237,0,4,1806,0,0,0,from uploaded all-items PS4 save SaveData1 (4).dat
CD6AF550,238,0,4,4173,0,0,0,from uploaded all-items PS4 save SaveData1 (4).dat
131A4636,239,0,4,4177,0,0,0,from uploaded all-items PS4 save SaveData1 (4).dat
9FC6585E,240,0,4,1807,0,0,0,from uploaded all-items PS4 save SaveData1 (4).dat
EE2559C6,241,13,44,3417,0,0,0,from uploaded all-items PS4 save SaveData1 (4).dat
CB0781EF,242,1,12,1,0,0,0,from uploaded all-items PS4 save SaveData1 (4).dat
F147229B,243,1,12,2,0,0,0,from uploaded all-items PS4 save SaveData1 (4).dat
778897F4,244,1,12,3,0,0,0,from uploaded all-items PS4 save SaveData1 (4).dat
981C29BD,247,1,44,19456,0,0,0,from uploaded all-items PS4 save SaveData1 (4).dat
FA674FBD,248,1,12,148,0,0,0,from uploaded all-items PS4 save SaveData1 (4).dat
5942C5FB,250,1,12,182,0,0,0,from uploaded all-items PS4 save SaveData1 (4).dat
71BC9232,251,1,12,546,0,0,0,from uploaded all-items PS4 save SaveData1 (4).dat
E578BB85,252,0,4,526,0,0,0,from uploaded all-items PS4 save SaveData1 (4).dat
771D9272,253,1,44,4796,0,0,0,from uploaded all-items PS4 save SaveData1 (4).dat
79E48056,254,1,44,59969,0,0,0,from uploaded all-items PS4 save SaveData1 (4).dat
32DC23F3,255,1,44,241341,0,0,0,from uploaded all-items PS4 save SaveData1 (4).dat
7A1CF760,256,126,4,288996,0,0,0,from uploaded all-items PS4 save SaveData1 (4).dat
5AF14960,257,1,44,241342,0,0,0,from uploaded all-items PS4 save SaveData1 (4).dat
78FE6E2C,258,1,44,1301,0,0,0,from uploaded all-items PS4 save SaveData1 (4).dat
BB731907,260,2,4,288991,0,0,0,from uploaded all-items PS4 save SaveData1 (4).dat
C1481583,261,2,4,289007,0,0,0,from uploaded all-items PS4 save SaveData1 (4).dat
11A1B6B3,262,128,4,289108,0,0,0,from uploaded all-items PS4 save SaveData1 (4).dat
A90975B8,263,0,4,4337,0,0,0,from uploaded all-items PS4 save SaveData1 (4).dat
4E3989B8,264,489,4,290158,0,0,0,from uploaded all-items PS4 save SaveData1 (4).dat
AA4626F6,265,104,4,273767,0,0,0,from uploaded all-items PS4 save SaveData1 (4).dat
552D70ED,266,1,4,288936,0,0,0,from uploaded all-items PS4 save SaveData1 (4).dat
F53AE497,267,0,4,269729,0,0,0,from uploaded all-items PS4 save SaveData1 (4).dat
33E663D0,268,235,4,289109,0,0,0,from uploaded all-items PS4 save SaveData1 (4).dat
95BF2C6F,269,83,4,289113,0,0,0,from uploaded all-items PS4 save SaveData1 (4).dat
2CDFA192,270,1095,4,289417,0,0,0,from uploaded all-items PS4 save SaveData1 (4).dat
68B1AE43,271,127,4,259721,0,0,0,from uploaded all-items PS4 save SaveData1 (4).dat
CB1E804F,272,0,4,234530,0,0,0,from uploaded all-items PS4 save SaveData1 (4).dat
EEB19BEC,273,0,4,247591,0,0,0,from uploaded all-items PS4 save SaveData1 (4).dat
A23F4F46,274,57,4,289107,0,0,0,from uploaded all-items PS4 save SaveData1 (4).dat
4D16FCAB,276,134,4,288927,0,0,0,from uploaded all-items PS4 save SaveData1 (4).dat
19B187D7,277,2,4,288988,0,0,0,from uploaded all-items PS4 save SaveData1 (4).dat
035C056D,278,39,4,289112,0,0,0,from uploaded all-items PS4 save SaveData1 (4).dat
F9D46AD2,279,40,4,289098,0,0,0,from uploaded all-items PS4 save SaveData1 (4).dat
AAB4C91A,280,607,4,290126,0,0,0,from uploaded all-items PS4 save SaveData1 (4).dat
55D1B23F,283,31,4,289099,0,0,0,from uploaded all-items PS4 save SaveData1 (4).dat
AD9737A9,284,0,4,4369,0,0,0,from uploaded all-items PS4 save SaveData1 (4).dat
EED2F9D3,285,12,4,289058,0,0,0,from uploaded all-items PS4 save SaveData1 (4).dat
D2C1330F,286,0,4,4197,0,0,0,from uploaded all-items PS4 save SaveData1 (4).dat
176436F3,287,0,4,5055,0,0,0,from uploaded all-items PS4 save SaveData1 (4).dat
21DAD920,288,0,4,1833,0,0,0,from uploaded all-items PS4 save SaveData1 (4).dat
8DB0B117,289,0,4,2374,0,0,0,from uploaded all-items PS4 save SaveData1 (4).dat
71173866,290,6,4,257229,0,0,0,from uploaded all-items PS4 save SaveData1 (4).dat
09E6F629,291,3,4,251516,0,0,0,from uploaded all-items PS4 save SaveData1 (4).dat
A9CBB5AF,292,32,12,290080,0,0,0,from uploaded all-items PS4 save SaveData1 (4).dat
3EF6DEF5,293,12,4,257230,0,0,0,from uploaded all-items PS4 save SaveData1 (4).dat
667EE1D3,294,7,4,251514,0,0,0,from uploaded all-items PS4 save SaveData1 (4).dat
BCDBC4B6,295,20,4,257218,0,0,0,from uploaded all-items PS4 save SaveData1 (4).dat
BE6124AD,296,20,4,257224,0,0,0,from uploaded all-items PS4 save SaveData1 (4).dat
0BD373A4,297,17,4,257234,0,0,0,from uploaded all-items PS4 save SaveData1 (4).dat
202A0DB9,298,4,4,248318,0,0,0,from uploaded all-items PS4 save SaveData1 (4).dat
